,Date,Close
0,2010-12-31,6.612400054931641
1,2011-01-03,6.591599941253662
2,2011-01-04,6.579999923706055
3,2011-01-05,6.5970001220703125
4,2011-01-06,6.577499866485596
5,2011-01-07,6.616499900817871
6,2011-01-10,6.617499828338623
7,2011-01-11,6.625999927520752
8,2011-01-12,6.610000133514404
9,2011-01-13,6.594200134277344
10,2011-01-14,6.595699787139893
11,2011-01-17,6.57919979095459
12,2011-01-18,6.5833001136779785
13,2011-01-19,6.5746002197265625
14,2011-01-20,6.572700023651123
15,2011-01-21,6.576600074768066
16,2011-01-24,6.573599815368652
17,2011-01-25,6.572400093078613
18,2011-01-26,6.5725998878479
19,2011-01-27,6.572000026702881
20,2011-01-28,6.571899890899658
21,2011-01-31,6.572500228881836
22,2011-02-01,6.594799995422363
23,2011-02-02,6.584799766540527
24,2011-02-03,6.548500061035156
25,2011-02-04,6.548500061035156
26,2011-02-07,6.548500061035156
27,2011-02-08,6.552599906921387
28,2011-02-09,6.54449987411499
29,2011-02-10,6.5802001953125
30,2011-02-11,6.57450008392334
31,2011-02-14,6.579800128936768
32,2011-02-15,6.585299968719482
33,2011-02-16,6.581399917602539
34,2011-02-17,6.57859992980957
35,2011-02-18,6.573699951171875
36,2011-02-21,6.565499782562256
37,2011-02-22,6.559899806976318
38,2011-02-23,6.568999767303467
39,2011-02-24,6.565999984741211
40,2011-02-25,6.564499855041504
41,2011-02-28,6.563000202178955
42,2011-03-01,6.559500217437744
43,2011-03-02,6.560999870300293
44,2011-03-03,6.562699794769287
45,2011-03-04,6.562399864196777
46,2011-03-07,6.559000015258789
47,2011-03-08,6.546500205993652
48,2011-03-09,6.557300090789795
49,2011-03-10,6.55049991607666
50,2011-03-11,6.563300132751465
51,2011-03-14,6.565499782562256
52,2011-03-15,6.560400009155273
53,2011-03-16,6.562399864196777
54,2011-03-17,6.561600208282471
55,2011-03-18,6.567200183868408
56,2011-03-21,6.5594000816345215
57,2011-03-22,6.554999828338623
58,2011-03-23,6.542500019073486
59,2011-03-24,6.547999858856201
60,2011-03-25,6.55049991607666
61,2011-03-27,6.550000190734863
62,2011-03-28,6.554500102996826
63,2011-03-29,6.5528998374938965
64,2011-03-30,6.548600196838379
65,2011-03-31,6.5355000495910645
66,2011-04-03,6.5391998291015625
67,2011-04-04,6.53000020980835
68,2011-04-05,6.5304999351501465
69,2011-04-06,6.535799980163574
70,2011-04-07,6.53439998626709
71,2011-04-10,6.526400089263916
72,2011-04-11,6.527500152587891
73,2011-04-12,6.531700134277344
74,2011-04-13,6.52370023727417
75,2011-04-17,6.520400047302246
76,2011-04-18,6.518899917602539
77,2011-04-19,6.522299766540527
78,2011-04-20,6.515200138092041
79,2011-04-21,6.515200138092041
80,2011-04-24,6.484000205993652
81,2011-04-25,6.484000205993652
82,2011-04-26,6.517899990081787
83,2011-04-27,6.501800060272217
84,2011-04-28,6.500999927520752
85,2011-05-01,6.481400012969971
86,2011-05-02,6.492000102996826
87,2011-05-03,6.501999855041504
88,2011-05-04,6.492499828338623
89,2011-05-05,6.484099864959717
90,2011-05-08,6.482500076293945
91,2011-05-09,6.493000030517578
92,2011-05-10,6.491499900817871
93,2011-05-11,6.493000030517578
94,2011-05-12,6.498499870300293
95,2011-05-15,6.486499786376953
96,2011-05-16,6.507699966430664
97,2011-05-17,6.495999813079834
98,2011-05-18,6.505000114440918
99,2011-05-19,6.504000186920166
100,2011-05-22,6.4842000007629395
101,2011-05-23,6.504000186920166
102,2011-05-24,6.497499942779541
103,2011-05-25,6.493000030517578
104,2011-05-26,6.489999771118164
105,2011-05-29,6.481200218200684
106,2011-05-30,6.473800182342529
107,2011-05-31,6.479000091552734
108,2011-06-01,6.478000164031982
109,2011-06-02,6.482800006866455
110,2011-06-05,6.469799995422363
111,2011-06-06,6.469299793243408
112,2011-06-07,6.480999946594238
113,2011-06-08,6.474999904632568
114,2011-06-09,6.47599983215332
115,2011-06-12,6.472300052642822
116,2011-06-13,6.482999801635742
117,2011-06-14,6.469699859619141
118,2011-06-15,6.4721999168396
119,2011-06-16,6.473999977111816
120,2011-06-19,6.461999893188477
121,2011-06-20,6.478000164031982
122,2011-06-21,6.466000080108643
123,2011-06-22,6.462900161743164
124,2011-06-23,6.4670000076293945
125,2011-06-26,6.463900089263916
126,2011-06-27,6.481500148773193
127,2011-06-28,6.468999862670898
128,2011-06-29,6.4629998207092285
129,2011-06-30,6.463500022888184
130,2011-07-03,6.4552998542785645
131,2011-07-04,6.450900077819824
132,2011-07-05,6.466000080108643
133,2011-07-06,6.4670000076293945
134,2011-07-07,6.465000152587891
135,2011-07-10,6.456200122833252
136,2011-07-11,6.4670000076293945
137,2011-07-12,6.462100028991699
138,2011-07-13,6.494699954986572
139,2011-07-14,6.433800220489502
140,2011-07-17,5.86299991607666
141,2011-07-18,6.468800067901611
142,2011-07-19,6.463399887084961
143,2011-07-20,6.446700096130371
144,2011-07-21,6.451499938964844
145,2011-07-24,6.436600208282471
146,2011-07-25,6.443999767303467
147,2011-07-26,6.4375
148,2011-07-27,6.44290018081665
149,2011-07-28,6.442999839782715
150,2011-07-31,6.428699970245361
151,2011-08-01,6.425600051879883
152,2011-08-02,6.429200172424316
153,2011-08-03,6.427000045776367
154,2011-08-04,6.427800178527832
155,2011-08-07,6.430699825286865
156,2011-08-08,6.425300121307373
157,2011-08-09,6.421000003814697
158,2011-08-10,6.407700061798096
159,2011-08-11,6.382199764251709
160,2011-08-14,6.38129997253418
161,2011-08-15,6.380300045013428
162,2011-08-16,6.373600006103516
163,2011-08-17,6.377799987792969
164,2011-08-18,6.387499809265137
165,2011-08-21,6.381999969482422
166,2011-08-22,6.400000095367432
167,2011-08-23,6.394999980926514
168,2011-08-24,6.388000011444092
169,2011-08-25,6.389999866485596
170,2011-08-28,6.376200199127197
171,2011-08-29,6.366000175476074
172,2011-08-30,6.380300045013428
173,2011-08-31,6.377999782562256
174,2011-09-01,6.38100004196167
175,2011-09-04,6.371500015258789
176,2011-09-05,6.377699851989746
177,2011-09-06,6.389999866485596
178,2011-09-07,6.392000198364258
179,2011-09-08,6.380000114440918
180,2011-09-11,6.377600193023682
181,2011-09-12,6.4019999504089355
182,2011-09-13,6.398499965667725
183,2011-09-14,6.395999908447266
184,2011-09-15,6.388000011444092
185,2011-09-18,6.381999969482422
186,2011-09-19,6.380499839782715
187,2011-09-20,6.383999824523926
188,2011-09-21,6.381100177764893
189,2011-09-22,6.380499839782715
190,2011-09-25,6.380099773406982
191,2011-09-26,6.401000022888184
192,2011-09-27,6.396999835968018
193,2011-09-28,6.39300012588501
194,2011-09-29,6.387499809265137
195,2011-10-02,6.382500171661377
196,2011-10-03,6.394999980926514
197,2011-10-04,6.364999771118164
198,2011-10-05,6.364999771118164
199,2011-10-06,6.36899995803833
200,2011-10-09,6.364999771118164
201,2011-10-10,6.338500022888184
202,2011-10-11,6.365499973297119
203,2011-10-12,6.359000205993652
204,2011-10-13,6.381999969482422
205,2011-10-16,6.370800018310547
206,2011-10-17,6.369999885559082
207,2011-10-18,6.382999897003174
208,2011-10-19,6.38100004196167
209,2011-10-20,6.372700214385986
210,2011-10-23,6.373499870300293
211,2011-10-24,6.377999782562256
212,2011-10-25,6.366000175476074
213,2011-10-26,6.354000091552734
214,2011-10-27,6.361000061035156
215,2011-10-31,6.348800182342529
216,2011-11-01,6.345200061798096
217,2011-11-02,6.34630012512207
218,2011-11-03,6.347099781036377
219,2011-11-04,6.339799880981445
220,2011-11-07,6.3302998542785645
221,2011-11-08,6.349999904632568
222,2011-11-09,6.3470001220703125
223,2011-11-10,6.3429999351501465
224,2011-11-11,6.3470001220703125
225,2011-11-14,6.332799911499023
226,2011-11-15,6.3454999923706055
227,2011-11-16,6.3368000984191895
228,2011-11-17,6.3354997634887695
229,2011-11-18,6.34089994430542
230,2011-11-21,6.347599983215332
231,2011-11-22,6.351099967956543
232,2011-11-23,6.3516998291015625
233,2011-11-24,6.347499847412109
234,2011-11-25,6.352499961853027
235,2011-11-28,6.372200012207031
236,2011-11-29,6.376399993896484
237,2011-11-30,6.365099906921387
238,2011-12-01,6.377999782562256
239,2011-12-02,6.369999885559082
240,2011-12-05,6.352499961853027
241,2011-12-06,6.340000152587891
242,2011-12-07,6.334000110626221
243,2011-12-08,6.368000030517578
244,2011-12-09,6.355000019073486
245,2011-12-12,6.354499816894531
246,2011-12-13,6.365499973297119
247,2011-12-14,6.361499786376953
248,2011-12-15,6.370999813079834
249,2011-12-16,6.373000144958496
250,2011-12-19,6.338500022888184
251,2011-12-20,6.300000190734863
252,2011-12-21,6.3470001220703125
253,2011-12-22,6.331200122833252
254,2011-12-23,6.322000026702881
255,2011-12-26,6.340000152587891
256,2011-12-27,6.327400207519531
257,2011-12-28,6.320000171661377
258,2011-12-29,6.316999912261963
259,2011-12-30,6.309000015258789
260,2012-01-02,6.284999847412109
261,2012-01-03,6.283999919891357
262,2012-01-04,6.296999931335449
263,2012-01-05,6.296000003814697
264,2012-01-06,6.308499813079834
265,2012-01-09,6.2993998527526855
266,2012-01-10,6.313000202178955
267,2012-01-11,6.311999797821045
268,2012-01-12,6.315999984741211
269,2012-01-13,6.317800045013428
270,2012-01-16,6.296000003814697
271,2012-01-17,6.306099891662598
272,2012-01-18,6.316999912261963
273,2012-01-19,6.310999870300293
274,2012-01-20,6.307199954986572
275,2012-01-23,6.3246002197265625
276,2012-01-24,6.314000129699707
277,2012-01-25,6.322000026702881
278,2012-01-26,6.313499927520752
279,2012-01-27,6.334000110626221
280,2012-01-30,6.323999881744385
281,2012-01-31,6.313600063323975
282,2012-02-01,6.308599948883057
283,2012-02-02,6.30679988861084
284,2012-02-03,6.304200172424316
285,2012-02-06,6.304599761962891
286,2012-02-07,6.311500072479248
287,2012-02-08,6.308499813079834
288,2012-02-09,6.298399925231934
289,2012-02-10,6.295400142669678
290,2012-02-13,6.293300151824951
291,2012-02-14,6.295100212097168
292,2012-02-15,6.2972002029418945
293,2012-02-16,6.298099994659424
294,2012-02-17,6.30109977722168
295,2012-02-20,6.297699928283691
296,2012-02-21,6.2993998527526855
297,2012-02-22,6.296800136566162
298,2012-02-23,6.295899868011475
299,2012-02-24,6.298500061035156
300,2012-02-27,6.2972002029418945
301,2012-02-28,6.301799774169922
302,2012-02-29,6.298399925231934
303,2012-03-01,6.294300079345703
304,2012-03-02,6.299200057983398
305,2012-03-05,6.298399925231934
306,2012-03-06,6.307700157165527
307,2012-03-07,6.3144001960754395
308,2012-03-08,6.310200214385986
309,2012-03-09,6.316500186920166
310,2012-03-12,6.310999870300293
311,2012-03-13,6.325200080871582
312,2012-03-14,6.326700210571289
313,2012-03-15,6.331699848175049
314,2012-03-16,6.32919979095459
315,2012-03-19,6.32289981842041
316,2012-03-20,6.318600177764893
317,2012-03-21,6.320700168609619
318,2012-03-22,6.319799900054932
319,2012-03-23,6.300099849700928
320,2012-03-25,6.304500102996826
321,2012-03-26,6.306000232696533
322,2012-03-27,6.303100109100342
323,2012-03-28,6.301599979400635
324,2012-03-29,6.306000232696533
325,2012-04-01,6.295300006866455
326,2012-04-02,6.295599937438965
327,2012-04-03,6.295199871063232
328,2012-04-04,6.296199798583984
329,2012-04-05,6.310699939727783
330,2012-04-08,6.30649995803833
331,2012-04-09,6.306700229644775
332,2012-04-10,6.309500217437744
333,2012-04-11,6.306700229644775
334,2012-04-12,6.305799961090088
335,2012-04-15,6.299200057983398
336,2012-04-16,6.312300205230713
337,2012-04-17,6.300300121307373
338,2012-04-18,6.30109977722168
339,2012-04-19,6.302999973297119
340,2012-04-22,6.307400226593018
341,2012-04-23,6.305699825286865
342,2012-04-24,6.305300235748291
343,2012-04-25,6.301499843597412
344,2012-04-26,6.295199871063232
345,2012-04-29,6.304200172424316
346,2012-04-30,6.286399841308594
347,2012-05-01,6.287499904632568
348,2012-05-02,6.290999889373779
349,2012-05-03,6.288599967956543
350,2012-05-06,6.290999889373779
351,2012-05-07,6.298600196838379
352,2012-05-08,6.308199882507324
353,2012-05-09,6.309800148010254
354,2012-05-10,6.3144001960754395
355,2012-05-13,6.310400009155273
356,2012-05-14,6.321400165557861
357,2012-05-15,6.31850004196167
358,2012-05-16,6.3180999755859375
359,2012-05-17,6.320700168609619
360,2012-05-20,6.3282999992370605
361,2012-05-21,6.323699951171875
362,2012-05-22,6.318699836730957
363,2012-05-23,6.33050012588501
364,2012-05-24,6.3403000831604
365,2012-05-27,6.34089994430542
366,2012-05-28,6.339000225067139
367,2012-05-29,6.3414998054504395
368,2012-05-30,6.3506999015808105
369,2012-05-31,6.368599891662598
370,2012-06-03,6.369699954986572
371,2012-06-04,6.364099979400635
372,2012-06-05,6.367499828338623
373,2012-06-06,6.363900184631348
374,2012-06-07,6.368800163269043
375,2012-06-10,6.373899936676025
376,2012-06-11,6.372799873352051
377,2012-06-12,6.370699882507324
378,2012-06-13,6.352200031280518
379,2012-06-14,6.373600006103516
380,2012-06-17,6.366799831390381
381,2012-06-18,6.357600212097168
382,2012-06-19,6.354700088500977
383,2012-06-20,6.349899768829346
384,2012-06-21,6.3649001121521
385,2012-06-24,6.364200115203857
386,2012-06-25,6.363399982452393
387,2012-06-26,6.36269998550415
388,2012-06-27,6.357600212097168
389,2012-06-28,6.357399940490723
390,2012-07-01,6.354100227355957
391,2012-07-02,6.348700046539307
392,2012-07-03,6.352700233459473
393,2012-07-04,6.347599983215332
394,2012-07-05,6.355999946594238
395,2012-07-08,6.364799976348877
396,2012-07-09,6.371300220489502
397,2012-07-10,6.365699768066406
398,2012-07-11,6.371600151062012
399,2012-07-12,6.376299858093262
400,2012-07-15,6.3927001953125
401,2012-07-16,6.378799915313721
402,2012-07-17,6.373300075531006
403,2012-07-18,6.3694000244140625
404,2012-07-19,6.3730998039245605
405,2012-07-22,6.373899936676025
406,2012-07-23,6.386099815368652
407,2012-07-24,6.387599945068359
408,2012-07-25,6.388599872589111
409,2012-07-26,6.384099960327148
410,2012-07-29,6.380799770355225
411,2012-07-30,6.3796000480651855
412,2012-07-31,6.361800193786621
413,2012-08-01,6.368800163269043
414,2012-08-02,6.367599964141846
415,2012-08-05,6.371500015258789
416,2012-08-06,6.374000072479248
417,2012-08-07,6.366700172424316
418,2012-08-08,6.361400127410889
419,2012-08-09,6.362299919128418
420,2012-08-12,6.359399795532227
421,2012-08-13,6.362599849700928
422,2012-08-14,6.35890007019043
423,2012-08-15,6.362299919128418
424,2012-08-16,6.366300106048584
425,2012-08-19,6.358500003814697
426,2012-08-20,6.359300136566162
427,2012-08-21,6.356299877166748
428,2012-08-22,6.351900100708008
429,2012-08-23,6.354800224304199
430,2012-08-26,6.354800224304199
431,2012-08-27,6.35699987411499
432,2012-08-28,6.355000019073486
433,2012-08-29,6.351900100708008
434,2012-08-30,6.350200176239014
435,2012-09-02,6.348599910736084
436,2012-09-03,6.342100143432617
437,2012-09-04,6.347400188446045
438,2012-09-05,6.349299907684326
439,2012-09-06,6.343200206756592
440,2012-09-09,6.342800140380859
441,2012-09-10,6.337699890136719
442,2012-09-11,6.335100173950195
443,2012-09-12,6.327400207519531
444,2012-09-13,6.329999923706055
445,2012-09-16,6.315299987792969
446,2012-09-17,6.307499885559082
447,2012-09-18,6.318600177764893
448,2012-09-19,6.309999942779541
449,2012-09-20,6.302999973297119
450,2012-09-23,6.305500030517578
451,2012-09-24,6.3094000816345215
452,2012-09-25,6.3059000968933105
453,2012-09-26,6.301799774169922
454,2012-09-27,6.3024001121521
455,2012-09-30,6.284800052642822
456,2012-10-01,6.284800052642822
457,2012-10-02,6.32420015335083
458,2012-10-03,6.322500228881836
459,2012-10-04,6.3221001625061035
460,2012-10-07,6.324100017547607
461,2012-10-08,6.287099838256836
462,2012-10-09,6.28849983215332
463,2012-10-10,6.298999786376953
464,2012-10-11,6.2778000831604
465,2012-10-14,6.265999794006348
466,2012-10-15,6.269700050354004
467,2012-10-16,6.263700008392334
468,2012-10-17,6.25439977645874
469,2012-10-18,6.251500129699707
470,2012-10-21,6.253600120544434
471,2012-10-22,6.2546000480651855
472,2012-10-23,6.251299858093262
473,2012-10-24,6.247799873352051
474,2012-10-25,6.246399879455566
475,2012-10-29,6.262400150299072
476,2012-10-30,6.24399995803833
477,2012-10-31,6.2418999671936035
478,2012-11-01,6.237500190734863
479,2012-11-02,6.240099906921387
480,2012-11-05,6.244800090789795
481,2012-11-06,6.240799903869629
482,2012-11-07,6.24560022354126
483,2012-11-08,6.243800163269043
484,2012-11-09,6.2677998542785645
485,2012-11-12,6.244699954986572
486,2012-11-13,6.219200134277344
487,2012-11-14,6.234000205993652
488,2012-11-15,6.230500221252441
489,2012-11-16,6.236299991607666
490,2012-11-19,6.2399001121521
491,2012-11-20,6.238999843597412
492,2012-11-21,6.232800006866455
493,2012-11-22,6.231400012969971
494,2012-11-23,6.237500190734863
495,2012-11-26,6.231299877166748
496,2012-11-27,6.225599765777588
497,2012-11-28,6.222400188446045
498,2012-11-29,6.227499961853027
499,2012-11-30,6.231400012969971
500,2012-12-03,6.226600170135498
501,2012-12-04,6.228600025177002
502,2012-12-05,6.225500106811523
503,2012-12-06,6.225599765777588
504,2012-12-07,6.228400230407715
505,2012-12-10,6.224400043487549
506,2012-12-11,6.219799995422363
507,2012-12-12,6.245200157165527
508,2012-12-13,6.253799915313721
509,2012-12-14,6.246600151062012
510,2012-12-17,6.245200157165527
511,2012-12-18,6.241300106048584
512,2012-12-19,6.236299991607666
513,2012-12-20,6.23330020904541
514,2012-12-21,6.2347002029418945
515,2012-12-24,6.234600067138672
516,2012-12-25,6.235899925231934
517,2012-12-26,6.234300136566162
518,2012-12-27,6.235599994659424
519,2012-12-28,6.239799976348877
520,2012-12-31,6.234799861907959
521,2013-01-01,6.230599880218506
522,2013-01-02,6.237599849700928
523,2013-01-03,6.2332000732421875
524,2013-01-04,6.232500076293945
525,2013-01-07,6.230500221252441
526,2013-01-08,6.229800224304199
527,2013-01-09,6.2241997718811035
528,2013-01-10,6.225200176239014
529,2013-01-11,6.224599838256836
530,2013-01-14,6.21619987487793
531,2013-01-15,6.222300052642822
532,2013-01-16,6.213399887084961
533,2013-01-17,6.2195000648498535
534,2013-01-18,6.218299865722656
535,2013-01-21,6.205399990081787
536,2013-01-22,6.220699787139893
537,2013-01-23,6.222599983215332
538,2013-01-24,6.22160005569458
539,2013-01-25,6.219299793243408
540,2013-01-28,6.2195000648498535
541,2013-01-29,6.223499774932861
542,2013-01-30,6.225800037384033
543,2013-01-31,6.2195000648498535
544,2013-02-01,6.217800140380859
545,2013-02-04,6.230400085449219
546,2013-02-05,6.230400085449219
547,2013-02-06,6.227799892425537
548,2013-02-07,6.229100227355957
549,2013-02-08,6.232999801635742
550,2013-02-11,6.252999782562256
551,2013-02-12,6.232800006866455
552,2013-02-13,6.232500076293945
553,2013-02-14,6.232800006866455
554,2013-02-15,6.232600212097168
555,2013-02-18,6.224400043487549
556,2013-02-19,6.242800235748291
557,2013-02-20,6.243500232696533
558,2013-02-21,6.240699768066406
559,2013-02-22,6.238999843597412
560,2013-02-25,6.222300052642822
561,2013-02-26,6.232900142669678
562,2013-02-27,6.228499889373779
563,2013-02-28,6.226200103759766
564,2013-03-01,6.222400188446045
565,2013-03-04,6.220399856567383
566,2013-03-05,6.222499847412109
567,2013-03-06,6.2221999168396
568,2013-03-07,6.218699932098389
569,2013-03-08,6.219399929046631
570,2013-03-11,6.27239990234375
571,2013-03-12,6.221700191497803
572,2013-03-13,6.214000225067139
573,2013-03-14,6.213200092315674
574,2013-03-15,6.213900089263916
575,2013-03-18,6.287499904632568
576,2013-03-19,6.214300155639648
577,2013-03-20,6.213799953460693
578,2013-03-21,6.208899974822998
579,2013-03-22,6.212900161743164
580,2013-03-25,6.1722002029418945
581,2013-03-26,6.210299968719482
582,2013-03-27,6.212100028991699
583,2013-03-28,6.214700222015381
584,2013-03-29,6.212600231170654
585,2013-03-31,6.216100215911865
586,2013-04-01,6.1956000328063965
587,2013-04-02,6.198699951171875
588,2013-04-03,6.200699806213379
589,2013-04-04,6.2027997970581055
590,2013-04-07,6.167399883270264
591,2013-04-08,6.202499866485596
592,2013-04-09,6.204100131988525
593,2013-04-10,6.194399833679199
594,2013-04-11,6.194799900054932
595,2013-04-14,6.198500156402588
596,2013-04-15,6.185999870300293
597,2013-04-16,6.18209981918335
598,2013-04-17,6.1722002029418945
599,2013-04-18,6.211400032043457
600,2013-04-21,6.191199779510498
601,2013-04-22,6.184299945831299
602,2013-04-23,6.1793999671936035
603,2013-04-24,6.1803998947143555
604,2013-04-25,6.172100067138672
605,2013-04-28,6.157800197601318
606,2013-04-29,6.165200233459473
607,2013-04-30,6.165200233459473
608,2013-05-01,6.164100170135498
609,2013-05-02,6.155200004577637
610,2013-05-05,6.153200149536133
611,2013-05-06,6.166600227355957
612,2013-05-07,6.153500080108643
613,2013-05-08,6.125500202178955
614,2013-05-09,6.130300045013428
615,2013-05-12,6.131700038909912
616,2013-05-13,6.136600017547607
617,2013-05-14,6.132800102233887
618,2013-05-15,6.135900020599365
619,2013-05-16,6.138999938964844
620,2013-05-19,6.13129997253418
621,2013-05-20,6.128900051116943
622,2013-05-21,6.1255998611450195
623,2013-05-22,6.121099948883057
624,2013-05-23,6.124000072479248
625,2013-05-26,6.121600151062012
626,2013-05-27,6.111199855804443
627,2013-05-28,6.111499786376953
628,2013-05-29,6.116700172424316
629,2013-05-30,6.1209001541137695
630,2013-06-02,6.124800205230713
631,2013-06-03,6.121699810028076
632,2013-06-04,6.11870002746582
633,2013-06-05,6.117800235748291
634,2013-06-06,6.126200199127197
635,2013-06-09,6.126200199127197
636,2013-06-10,6.126200199127197
637,2013-06-11,6.126200199127197
638,2013-06-12,6.123499870300293
639,2013-06-13,6.1244001388549805
640,2013-06-16,6.120800018310547
641,2013-06-17,6.114999771118164
642,2013-06-18,6.118500232696533
643,2013-06-19,6.1168999671936035
644,2013-06-20,6.118199825286865
645,2013-06-23,6.1234002113342285
646,2013-06-24,6.1350998878479
647,2013-06-25,6.135300159454346
648,2013-06-26,6.201300144195557
649,2013-06-27,6.229770183563232
650,2013-06-30,6.127600193023682
651,2013-07-01,6.122700214385986
652,2013-07-02,6.123000144958496
653,2013-07-03,6.120800018310547
654,2013-07-04,6.115799903869629
655,2013-07-07,6.122600078582764
656,2013-07-08,6.123799800872803
657,2013-07-09,6.119500160217285
658,2013-07-10,6.124100208282471
659,2013-07-11,6.125199794769287
660,2013-07-14,6.127500057220459
661,2013-07-15,6.127600193023682
662,2013-07-16,6.125
663,2013-07-17,6.12529993057251
664,2013-07-18,6.13129997253418
665,2013-07-21,6.127900123596191
666,2013-07-22,6.130899906158447
667,2013-07-23,6.127399921417236
668,2013-07-24,6.125999927520752
669,2013-07-25,6.12470006942749
670,2013-07-28,6.121699810028076
671,2013-07-29,6.122499942779541
672,2013-07-30,6.121699810028076
673,2013-07-31,6.118899822235107
674,2013-08-01,6.120500087738037
675,2013-08-04,6.119500160217285
676,2013-08-05,6.114699840545654
677,2013-08-06,6.111700057983398
678,2013-08-07,6.1092000007629395
679,2013-08-08,6.111400127410889
680,2013-08-11,6.1118998527526855
681,2013-08-12,6.112299919128418
682,2013-08-13,6.111800193786621
683,2013-08-14,6.109600067138672
684,2013-08-15,6.102499961853027
685,2013-08-18,6.105000019073486
686,2013-08-19,6.1128997802734375
687,2013-08-20,6.11460018157959
688,2013-08-21,6.113399982452393
689,2013-08-22,6.111100196838379
690,2013-08-25,6.111000061035156
691,2013-08-26,6.111199855804443
692,2013-08-27,6.111700057983398
693,2013-08-28,6.110400199890137
694,2013-08-29,6.110499858856201
695,2013-09-01,6.109499931335449
696,2013-09-02,6.109600067138672
697,2013-09-03,6.110599994659424
698,2013-09-04,6.110099792480469
699,2013-09-05,6.109899997711182
700,2013-09-08,6.110499858856201
701,2013-09-09,6.111000061035156
702,2013-09-10,6.110000133514404
703,2013-09-11,6.108500003814697
704,2013-09-12,6.107999801635742
705,2013-09-15,6.108799934387207
706,2013-09-16,6.110300064086914
707,2013-09-17,6.111499786376953
708,2013-09-18,6.111199855804443
709,2013-09-19,6.111199855804443
710,2013-09-22,6.111199855804443
711,2013-09-23,6.111000061035156
712,2013-09-24,6.110899925231934
713,2013-09-25,6.110000133514404
714,2013-09-26,6.111400127410889
715,2013-09-29,6.109899997711182
716,2013-09-30,6.111499786376953
717,2013-10-01,6.111499786376953
718,2013-10-02,6.111499786376953
719,2013-10-03,6.111499786376953
720,2013-10-06,6.111499786376953
721,2013-10-08,6.111100196838379
722,2013-10-09,6.111100196838379
723,2013-10-10,6.105800151824951
724,2013-10-13,6.110599994659424
725,2013-10-14,6.097899913787842
726,2013-10-15,6.092700004577637
727,2013-10-16,6.089799880981445
728,2013-10-17,6.088200092315674
729,2013-10-20,6.0868000984191895
730,2013-10-21,6.082600116729736
731,2013-10-22,6.082699775695801
732,2013-10-23,6.073500156402588
733,2013-10-24,6.072000026702881
734,2013-10-28,6.073999881744385
735,2013-10-29,6.075500011444092
736,2013-10-30,6.0802001953125
737,2013-10-31,6.083799839019775
738,2013-11-01,6.084499835968018
739,2013-11-04,6.0894999504089355
740,2013-11-05,6.089000225067139
741,2013-11-06,6.0868000984191895
742,2013-11-07,6.082699775695801
743,2013-11-08,6.080900192260742
744,2013-11-11,6.080599784851074
745,2013-11-12,6.081399917602539
746,2013-11-13,6.081999778747559
747,2013-11-14,6.082900047302246
748,2013-11-15,6.082200050354004
749,2013-11-18,6.082200050354004
750,2013-11-19,6.082099914550781
751,2013-11-20,6.083000183105469
752,2013-11-21,6.082799911499023
753,2013-11-22,6.082900047302246
754,2013-11-25,6.083700180053711
755,2013-11-26,6.082600116729736
756,2013-11-27,6.082699775695801
757,2013-11-28,6.082399845123291
758,2013-11-29,6.082399845123291
759,2013-12-02,6.083199977874756
760,2013-12-03,6.083000183105469
761,2013-12-04,6.082399845123291
762,2013-12-05,6.081600189208984
763,2013-12-06,6.081299781799316
764,2013-12-09,6.071800231933594
765,2013-12-10,6.062300205230713
766,2013-12-11,6.060999870300293
767,2013-12-12,6.061699867248535
768,2013-12-13,6.061500072479248
769,2013-12-16,6.061299800872803
770,2013-12-17,6.061500072479248
771,2013-12-18,6.061100006103516
772,2013-12-19,6.061800003051758
773,2013-12-20,6.061299800872803
774,2013-12-23,6.061399936676025
775,2013-12-24,6.060200214385986
776,2013-12-25,6.061500072479248
777,2013-12-26,6.061500072479248
778,2013-12-27,6.061500072479248
779,2013-12-30,6.058700084686279
780,2013-12-31,6.051799774169922
781,2014-01-01,6.044000148773193
782,2014-01-02,6.044000148773193
783,2014-01-03,6.0406999588012695
784,2014-01-06,6.041500091552734
785,2014-01-07,6.042699813842773
786,2014-01-08,6.041200160980225
787,2014-01-09,6.041299819946289
788,2014-01-10,6.045000076293945
789,2014-01-13,6.042200088500977
790,2014-01-14,6.033299922943115
791,2014-01-15,6.031199932098389
792,2014-01-16,6.035999774932861
793,2014-01-17,6.04580020904541
794,2014-01-20,6.040299892425537
795,2014-01-21,6.042799949645996
796,2014-01-22,6.040599822998047
797,2014-01-23,6.041299819946289
798,2014-01-24,6.041800022125244
799,2014-01-27,6.038899898529053
800,2014-01-28,6.038099765777588
801,2014-01-29,6.040900230407715
802,2014-01-30,6.045599937438965
803,2014-01-31,6.051000118255615
804,2014-02-03,6.051000118255615
805,2014-02-04,6.051000118255615
806,2014-02-05,6.051000118255615
807,2014-02-06,6.051000118255615
808,2014-02-07,6.051000118255615
809,2014-02-10,6.053400039672852
810,2014-02-11,6.0493998527526855
811,2014-02-12,6.050600051879883
812,2014-02-13,6.0524001121521
813,2014-02-14,6.053599834442139
814,2014-02-17,6.0569000244140625
815,2014-02-18,6.054100036621094
816,2014-02-19,6.057400226593018
817,2014-02-20,6.066500186920166
818,2014-02-21,6.073500156402588
819,2014-02-24,6.081500053405762
820,2014-02-25,6.088500022888184
821,2014-02-26,6.11460018157959
822,2014-02-27,6.114799976348877
823,2014-02-28,6.1184000968933105
824,2014-03-03,6.1350998878479
825,2014-03-04,6.136300086975098
826,2014-03-05,6.133600234985352
827,2014-03-06,6.127999782562256
828,2014-03-07,6.10860013961792
829,2014-03-10,6.116099834442139
830,2014-03-11,6.128600120544434
831,2014-03-12,6.130199909210205
832,2014-03-13,6.1350998878479
833,2014-03-14,6.126200199127197
834,2014-03-17,6.1402997970581055
835,2014-03-18,6.1682000160217285
836,2014-03-19,6.18209981918335
837,2014-03-20,6.193999767303467
838,2014-03-21,6.217599868774414
839,2014-03-24,6.215099811553955
840,2014-03-25,6.1859002113342285
841,2014-03-26,6.191699981689453
842,2014-03-27,6.199399948120117
843,2014-03-28,6.202899932861328
844,2014-03-30,6.202199935913086
845,2014-03-31,6.207200050354004
846,2014-04-01,6.196899890899658
847,2014-04-02,6.195700168609619
848,2014-04-03,6.200699806213379
849,2014-04-06,6.202300071716309
850,2014-04-07,6.202300071716309
851,2014-04-08,6.1869001388549805
852,2014-04-09,6.1905999183654785
853,2014-04-10,6.202600002288818
854,2014-04-13,6.201399803161621
855,2014-04-14,6.209099769592285
856,2014-04-15,6.211999893188477
857,2014-04-16,6.211400032043457
858,2014-04-17,6.209099769592285
859,2014-04-20,6.209099769592285
860,2014-04-21,6.209099769592285
861,2014-04-22,6.22760009765625
862,2014-04-23,6.227700233459473
863,2014-04-24,6.238900184631348
864,2014-04-27,6.24370002746582
865,2014-04-28,6.243000030517578
866,2014-04-29,6.2480998039245605
867,2014-04-30,6.2494001388549805
868,2014-05-01,6.2494001388549805
869,2014-05-04,6.2494001388549805
870,2014-05-05,6.235599994659424
871,2014-05-06,6.215799808502197
872,2014-05-07,6.224400043487549
873,2014-05-08,6.218100070953369
874,2014-05-11,6.217700004577637
875,2014-05-12,6.22760009765625
876,2014-05-13,6.219099998474121
877,2014-05-14,6.218999862670898
878,2014-05-15,6.220699787139893
879,2014-05-18,6.223499774932861
880,2014-05-19,6.227499961853027
881,2014-05-20,6.228099822998047
882,2014-05-21,6.223800182342529
883,2014-05-22,6.225100040435791
884,2014-05-25,6.226600170135498
885,2014-05-26,6.229499816894531
886,2014-05-27,6.239099979400635
887,2014-05-28,6.24399995803833
888,2014-05-29,6.228000164031982
889,2014-06-01,6.2378997802734375
890,2014-06-02,6.2378997802734375
891,2014-06-03,6.24459981918335
892,2014-06-04,6.2403998374938965
893,2014-06-05,6.246799945831299
894,2014-06-08,6.240499973297119
895,2014-06-09,6.230299949645996
896,2014-06-10,6.2144999504089355
897,2014-06-11,6.218100070953369
898,2014-06-12,6.208499908447266
899,2014-06-15,6.19950008392334
900,2014-06-16,6.2170000076293945
901,2014-06-17,6.216800212860107
902,2014-06-18,6.221399784088135
903,2014-06-19,6.219200134277344
904,2014-06-22,6.2144999504089355
905,2014-06-23,6.2154998779296875
906,2014-06-24,6.221099853515625
907,2014-06-25,6.224400043487549
908,2014-06-26,6.214000225067139
909,2014-06-29,6.208499908447266
910,2014-06-30,6.19379997253418
911,2014-07-01,6.190000057220459
912,2014-07-02,6.2006001472473145
913,2014-07-03,6.202000141143799
914,2014-07-06,6.1940999031066895
915,2014-07-07,6.19379997253418
916,2014-07-08,6.191500186920166
917,2014-07-09,6.189899921417236
918,2014-07-10,6.192800045013428
919,2014-07-13,6.193600177764893
920,2014-07-14,6.196100234985352
921,2014-07-15,6.197999954223633
922,2014-07-16,6.193999767303467
923,2014-07-17,6.19379997253418
924,2014-07-20,6.197999954223633
925,2014-07-21,6.1992998123168945
926,2014-07-22,6.192999839782715
927,2014-07-23,6.188799858093262
928,2014-07-24,6.184700012207031
929,2014-07-27,6.181700229644775
930,2014-07-28,6.177499771118164
931,2014-07-29,6.170499801635742
932,2014-07-30,6.161499977111816
933,2014-07-31,6.164000034332275
934,2014-08-03,6.1697998046875
935,2014-08-04,6.168499946594238
936,2014-08-05,6.160699844360352
937,2014-08-06,6.1529998779296875
938,2014-08-07,6.152100086212158
939,2014-08-10,6.146200180053711
940,2014-08-11,6.143499851226807
941,2014-08-12,6.1479997634887695
942,2014-08-13,6.143599987030029
943,2014-08-14,6.142499923706055
944,2014-08-17,6.13730001449585
945,2014-08-18,6.132999897003174
946,2014-08-19,6.13129997253418
947,2014-08-20,6.130000114440918
948,2014-08-21,6.141499996185303
949,2014-08-24,6.141499996185303
950,2014-08-25,6.144400119781494
951,2014-08-26,6.142600059509277
952,2014-08-27,6.133299827575684
953,2014-08-28,6.132800102233887
954,2014-08-31,6.133399963378906
955,2014-09-01,6.131999969482422
956,2014-09-02,6.138299942016602
957,2014-09-03,6.131100177764893
958,2014-09-04,6.128600120544434
959,2014-09-07,6.130499839782715
960,2014-09-08,6.130499839782715
961,2014-09-09,6.126500129699707
962,2014-09-10,6.1194000244140625
963,2014-09-11,6.119999885559082
964,2014-09-14,6.12470006942749
965,2014-09-15,6.131999969482422
966,2014-09-16,6.136099815368652
967,2014-09-17,6.129000186920166
968,2014-09-18,6.130499839782715
969,2014-09-21,6.131100177764893
970,2014-09-22,6.130499839782715
971,2014-09-23,6.127799987792969
972,2014-09-24,6.1265997886657715
973,2014-09-25,6.125999927520752
974,2014-09-28,6.117099761962891
975,2014-09-29,6.139999866485596
976,2014-09-30,6.128499984741211
977,2014-10-01,6.128499984741211
978,2014-10-02,6.128499984741211
979,2014-10-05,6.129000186920166
980,2014-10-06,6.129000186920166
981,2014-10-07,6.129000186920166
982,2014-10-08,6.129000186920166
983,2014-10-09,6.120200157165527
984,2014-10-12,6.121099948883057
985,2014-10-13,6.115499973297119
986,2014-10-14,6.115499973297119
987,2014-10-15,6.115900039672852
988,2014-10-16,6.11329984664917
989,2014-10-19,6.113999843597412
990,2014-10-20,6.11359977722168
991,2014-10-21,6.111000061035156
992,2014-10-22,6.10830020904541
993,2014-10-23,6.109499931335449
994,2014-10-27,6.107100009918213
995,2014-10-28,6.106500148773193
996,2014-10-29,6.103300094604492
997,2014-10-30,6.101200103759766
998,2014-10-31,6.104499816894531
999,2014-11-03,6.102700233459473
1000,2014-11-04,6.10830020904541
1001,2014-11-05,6.105299949645996
1002,2014-11-06,6.104000091552734
1003,2014-11-07,6.1020002365112305
1004,2014-11-10,6.112800121307373
1005,2014-11-11,6.109499931335449
1006,2014-11-12,6.114500045776367
1007,2014-11-13,6.116199970245361
1008,2014-11-14,6.114799976348877
1009,2014-11-17,6.119500160217285
1010,2014-11-18,6.114299774169922
1011,2014-11-19,6.111299991607666
1012,2014-11-20,6.109499931335449
1013,2014-11-21,6.113500118255615
1014,2014-11-24,6.1149001121521
1015,2014-11-25,6.131700038909912
1016,2014-11-26,6.126500129699707
1017,2014-11-27,6.1290998458862305
1018,2014-11-28,6.1290998458862305
1019,2014-12-01,6.133200168609619
1020,2014-12-02,6.142000198364258
1021,2014-12-03,6.139500141143799
1022,2014-12-04,6.140200138092041
1023,2014-12-05,6.144599914550781
1024,2014-12-08,6.140200138092041
1025,2014-12-09,6.163000106811523
1026,2014-12-10,6.177800178527832
1027,2014-12-11,6.166600227355957
1028,2014-12-12,6.178599834442139
1029,2014-12-15,6.1768999099731445
1030,2014-12-16,6.180500030517578
1031,2014-12-17,6.179500102996826
1032,2014-12-18,6.186999797821045
1033,2014-12-19,6.204500198364258
1034,2014-12-22,6.20989990234375
1035,2014-12-23,6.211599826812744
1036,2014-12-24,6.21589994430542
1037,2014-12-25,6.2052998542785645
1038,2014-12-26,6.2052998542785645
1039,2014-12-29,6.2052998542785645
1040,2014-12-30,6.212500095367432
1041,2014-12-31,6.191999912261963
1042,2015-01-01,6.196100234985352
1043,2015-01-02,6.196100234985352
1044,2015-01-05,6.196100234985352
1045,2015-01-06,6.208399772644043
1046,2015-01-07,6.202000141143799
1047,2015-01-08,6.203999996185303
1048,2015-01-09,6.203499794006348
1049,2015-01-12,6.200300216674805
1050,2015-01-13,6.193399906158447
1051,2015-01-14,6.187600135803223
1052,2015-01-15,6.184000015258789
1053,2015-01-16,6.177499771118164
1054,2015-01-19,6.197000026702881
1055,2015-01-20,6.208000183105469
1056,2015-01-21,6.204899787902832
1057,2015-01-22,6.201700210571289
1058,2015-01-23,6.198999881744385
1059,2015-01-26,6.217899799346924
1060,2015-01-27,6.245800018310547
1061,2015-01-28,6.235099792480469
1062,2015-01-29,6.236499786376953
1063,2015-01-30,6.236599922180176
1064,2015-02-02,6.241000175476074
1065,2015-02-03,6.249499797821045
1066,2015-02-04,6.245699882507324
1067,2015-02-05,6.23769998550415
1068,2015-02-06,6.242099761962891
1069,2015-02-09,6.233399868011475
1070,2015-02-10,6.238800048828125
1071,2015-02-11,6.231800079345703
1072,2015-02-12,6.2322998046875
1073,2015-02-13,6.234499931335449
1074,2015-02-16,6.230299949645996
1075,2015-02-17,6.23859977722168
1076,2015-02-18,6.244100093841553
1077,2015-02-19,6.244100093841553
1078,2015-02-20,6.244100093841553
1079,2015-02-23,6.244100093841553
1080,2015-02-24,6.245100021362305
1081,2015-02-25,6.245100021362305
1082,2015-02-26,6.249499797821045
1083,2015-02-27,6.249499797821045
1084,2015-03-02,6.258600234985352
1085,2015-03-03,6.263700008392334
1086,2015-03-04,6.263700008392334
1087,2015-03-05,6.2606000900268555
1088,2015-03-06,6.257400035858154
1089,2015-03-09,6.253799915313721
1090,2015-03-10,6.255000114440918
1091,2015-03-11,6.251999855041504
1092,2015-03-12,6.251999855041504
1093,2015-03-13,6.251999855041504
1094,2015-03-16,6.248700141906738
1095,2015-03-17,6.251800060272217
1096,2015-03-18,6.239500045776367
1097,2015-03-19,6.218699932098389
1098,2015-03-20,6.185999870300293
1099,2015-03-23,6.196000099182129
1100,2015-03-24,6.204999923706055
1101,2015-03-25,6.195300102233887
1102,2015-03-26,6.201000213623047
1103,2015-03-27,6.201399803161621
1104,2015-03-29,6.2052001953125
1105,2015-03-30,6.196499824523926
1106,2015-03-31,6.1875
1107,2015-04-01,6.187099933624268
1108,2015-04-02,6.186999797821045
1109,2015-04-05,6.186999797821045
1110,2015-04-06,6.186999797821045
1111,2015-04-07,6.188199996948242
1112,2015-04-08,6.191400051116943
1113,2015-04-09,6.194699764251709
1114,2015-04-12,6.199100017547607
1115,2015-04-13,6.204699993133545
1116,2015-04-14,6.202099800109863
1117,2015-04-15,6.193699836730957
1118,2015-04-16,6.1869001388549805
1119,2015-04-19,6.186600208282471
1120,2015-04-20,6.19189977645874
1121,2015-04-21,6.19189977645874
1122,2015-04-22,6.185699939727783
1123,2015-04-23,6.188700199127197
1124,2015-04-26,6.184800148010254
1125,2015-04-27,6.209000110626221
1126,2015-04-28,6.196499824523926
1127,2015-04-29,6.190199851989746
1128,2015-04-30,6.190999984741211
1129,2015-05-03,6.190999984741211
1130,2015-05-04,6.198400020599365
1131,2015-05-05,6.195199966430664
1132,2015-05-06,6.189000129699707
1133,2015-05-07,6.197999954223633
1134,2015-05-10,6.197999954223633
1135,2015-05-11,6.19920015335083
1136,2015-05-12,6.19890022277832
1137,2015-05-13,6.1946001052856445
1138,2015-05-14,6.1915998458862305
1139,2015-05-17,6.196100234985352
1140,2015-05-18,6.194300174713135
1141,2015-05-19,6.196700096130371
1142,2015-05-20,6.193699836730957
1143,2015-05-21,6.186800003051758
1144,2015-05-24,6.187399864196777
1145,2015-05-25,6.191999912261963
1146,2015-05-26,6.193900108337402
1147,2015-05-27,6.191299915313721
1148,2015-05-28,6.191199779510498
1149,2015-05-31,6.188300132751465
1150,2015-06-01,6.189499855041504
1151,2015-06-02,6.188199996948242
1152,2015-06-03,6.18779993057251
1153,2015-06-04,6.191100120544434
1154,2015-06-07,6.193399906158447
1155,2015-06-08,6.1956000328063965
1156,2015-06-09,6.195700168609619
1157,2015-06-10,6.195799827575684
1158,2015-06-11,6.196599960327148
1159,2015-06-14,6.198299884796143
1160,2015-06-15,6.198999881744385
1161,2015-06-16,6.198599815368652
1162,2015-06-17,6.1996002197265625
1163,2015-06-18,6.19789981842041
1164,2015-06-21,6.19950008392334
1165,2015-06-22,6.19950008392334
1166,2015-06-23,6.196800231933594
1167,2015-06-24,6.1971001625061035
1168,2015-06-25,6.199399948120117
1169,2015-06-28,6.198999881744385
1170,2015-06-29,6.198800086975098
1171,2015-06-30,6.190999984741211
1172,2015-07-01,6.191500186920166
1173,2015-07-02,6.194699764251709
1174,2015-07-05,6.195700168609619
1175,2015-07-06,6.19920015335083
1176,2015-07-07,6.199999809265137
1177,2015-07-08,6.198999881744385
1178,2015-07-09,6.198800086975098
1179,2015-07-12,6.1992998123168945
1180,2015-07-13,6.198400020599365
1181,2015-07-14,6.19890022277832
1182,2015-07-15,6.19920015335083
1183,2015-07-16,6.19950008392334
1184,2015-07-19,6.19950008392334
1185,2015-07-20,6.19980001449585
1186,2015-07-21,6.1996002197265625
1187,2015-07-22,6.199399948120117
1188,2015-07-23,6.19950008392334
1189,2015-07-26,6.1996002197265625
1190,2015-07-27,6.19950008392334
1191,2015-07-28,6.199399948120117
1192,2015-07-29,6.198999881744385
1193,2015-07-30,6.199699878692627
1194,2015-08-02,6.19980001449585
1195,2015-08-03,6.199699878692627
1196,2015-08-04,6.1996002197265625
1197,2015-08-05,6.199699878692627
1198,2015-08-06,6.199699878692627
1199,2015-08-09,6.199699878692627
1200,2015-08-10,6.199699878692627
1201,2015-08-11,6.314899921417236
1202,2015-08-12,6.376999855041504
1203,2015-08-13,6.388899803161621
1204,2015-08-16,6.381800174713135
1205,2015-08-17,6.384699821472168
1206,2015-08-18,6.383800029754639
1207,2015-08-19,6.385799884796143
1208,2015-08-20,6.379000186920166
1209,2015-08-23,6.378900051116943
1210,2015-08-24,6.394400119781494
1211,2015-08-25,6.402900218963623
1212,2015-08-26,6.401000022888184
1213,2015-08-27,6.395299911499023
1214,2015-08-30,6.378499984741211
1215,2015-08-31,6.366399765014648
1216,2015-09-01,6.354499816894531
1217,2015-09-02,6.345900058746338
1218,2015-09-03,6.345900058746338
1219,2015-09-06,6.345900058746338
1220,2015-09-07,6.355899810791016
1221,2015-09-08,6.3572001457214355
1222,2015-09-09,6.367800235748291
1223,2015-09-10,6.367199897766113
1224,2015-09-13,6.364999771118164
1225,2015-09-14,6.357900142669678
1226,2015-09-15,6.360000133514404
1227,2015-09-16,6.360899925231934
1228,2015-09-17,6.355999946594238
1229,2015-09-20,6.354300022125244
1230,2015-09-21,6.359099864959717
1231,2015-09-22,6.366000175476074
1232,2015-09-23,6.373700141906738
1233,2015-09-24,6.373300075531006
1234,2015-09-27,6.364099979400635
1235,2015-09-28,6.358799934387207
1236,2015-09-29,6.353600025177002
1237,2015-09-30,6.347099781036377
1238,2015-10-01,6.346099853515625
1239,2015-10-04,6.346099853515625
1240,2015-10-05,6.346099853515625
1241,2015-10-06,6.346099853515625
1242,2015-10-07,6.346099853515625
1243,2015-10-08,6.343500137329102
1244,2015-10-11,6.335299968719482
1245,2015-10-12,6.313000202178955
1246,2015-10-13,6.332300186157227
1247,2015-10-14,6.337699890136719
1248,2015-10-15,6.33620023727417
1249,2015-10-18,6.342599868774414
1250,2015-10-19,6.350100040435791
1251,2015-10-20,6.338399887084961
1252,2015-10-21,6.339300155639648
1253,2015-10-22,6.3480000495910645
1254,2015-10-26,6.339099884033203
1255,2015-10-27,6.343200206756592
1256,2015-10-28,6.343200206756592
1257,2015-10-29,6.349299907684326
1258,2015-10-30,6.346700191497803
1259,2015-11-02,6.30810022354126
1260,2015-11-03,6.327400207519531
1261,2015-11-04,6.326099872589111
1262,2015-11-05,6.325900077819824
1263,2015-11-06,6.33620023727417
1264,2015-11-09,6.343100070953369
1265,2015-11-10,6.352200031280518
1266,2015-11-11,6.351799964904785
1267,2015-11-12,6.357500076293945
1268,2015-11-13,6.359300136566162
1269,2015-11-16,6.363800048828125
1270,2015-11-17,6.361199855804443
1271,2015-11-18,6.368599891662598
1272,2015-11-19,6.374899864196777
1273,2015-11-20,6.373000144958496
1274,2015-11-23,6.375
1275,2015-11-24,6.379300117492676
1276,2015-11-25,6.379799842834473
1277,2015-11-26,6.379199981689453
1278,2015-11-27,6.3796000480651855
1279,2015-11-30,6.385000228881836
1280,2015-12-01,6.388199806213379
1281,2015-12-02,6.388800144195557
1282,2015-12-03,6.388800144195557
1283,2015-12-04,6.387499809265137
1284,2015-12-07,6.39109992980957
1285,2015-12-08,6.398200035095215
1286,2015-12-09,6.407199859619141
1287,2015-12-10,6.418000221252441
1288,2015-12-11,6.427800178527832
1289,2015-12-14,6.445300102233887
1290,2015-12-15,6.448999881744385
1291,2015-12-16,6.451000213623047
1292,2015-12-17,6.4633002281188965
1293,2015-12-18,6.473700046539307
1294,2015-12-21,6.471499919891357
1295,2015-12-22,6.470799922943115
1296,2015-12-23,6.468800067901611
1297,2015-12-24,6.467800140380859
1298,2015-12-25,6.467299938201904
1299,2015-12-28,6.467299938201904
1300,2015-12-29,6.478700160980225
1301,2015-12-30,6.474800109863281
1302,2015-12-31,6.481200218200684
1303,2016-01-01,6.483699798583984
1304,2016-01-04,6.483699798583984
1305,2016-01-05,6.525400161743164
1306,2016-01-06,6.512499809265137
1307,2016-01-07,6.5467000007629395
1308,2016-01-08,6.582900047302246
1309,2016-01-11,6.58650016784668
1310,2016-01-12,6.559500217437744
1311,2016-01-13,6.5625
1312,2016-01-14,6.565400123596191
1313,2016-01-15,6.5802001953125
1314,2016-01-18,6.574900150299072
1315,2016-01-19,6.568900108337402
1316,2016-01-20,6.568600177764893
1317,2016-01-21,6.568399906158447
1318,2016-01-22,6.570000171661377
1319,2016-01-25,6.5690999031066895
1320,2016-01-26,6.569399833679199
1321,2016-01-27,6.572500228881836
1322,2016-01-28,6.567800045013428
1323,2016-01-29,6.565199851989746
1324,2016-02-01,6.566100120544434
1325,2016-02-02,6.568399906158447
1326,2016-02-03,6.569799900054932
1327,2016-02-04,6.566999912261963
1328,2016-02-05,6.554800033569336
1329,2016-02-08,6.563899993896484
1330,2016-02-09,6.563899993896484
1331,2016-02-10,6.563899993896484
1332,2016-02-11,6.563899993896484
1333,2016-02-12,6.563899993896484
1334,2016-02-15,6.563899993896484
1335,2016-02-16,6.486199855804443
1336,2016-02-17,6.506899833679199
1337,2016-02-18,6.5183000564575195
1338,2016-02-19,6.508800029754639
1339,2016-02-22,6.512400150299072
1340,2016-02-23,6.5117998123168945
1341,2016-02-24,6.517099857330322
1342,2016-02-25,6.521699905395508
1343,2016-02-26,6.523499965667725
1344,2016-02-29,6.530399799346924
1345,2016-03-01,6.544000148773193
1346,2016-03-02,6.542099952697754
1347,2016-03-03,6.540999889373779
1348,2016-03-04,6.521500110626221
1349,2016-03-07,6.4980998039245605
1350,2016-03-08,6.506800174713135
1351,2016-03-09,6.494699954986572
1352,2016-03-10,6.502999782562256
1353,2016-03-11,6.498600006103516
1354,2016-03-14,6.485300064086914
1355,2016-03-15,6.489999771118164
1356,2016-03-16,6.504499912261963
1357,2016-03-17,6.51200008392334
1358,2016-03-18,6.465000152587891
1359,2016-03-21,6.461599826812744
1360,2016-03-22,6.474599838256836
1361,2016-03-23,6.480100154876709
1362,2016-03-24,6.496300220489502
1363,2016-03-25,6.504700183868408
1364,2016-03-27,6.526500225067139
1365,2016-03-28,6.500999927520752
1366,2016-03-29,6.504899978637695
1367,2016-03-30,6.455100059509277
1368,2016-03-31,6.439000129699707
1369,2016-04-03,6.468599796295166
1370,2016-04-04,6.468599796295166
1371,2016-04-05,6.467299938201904
1372,2016-04-06,6.470900058746338
1373,2016-04-07,6.453000068664551
1374,2016-04-10,6.4558000564575195
1375,2016-04-11,6.44950008392334
1376,2016-04-12,6.455599784851074
1377,2016-04-13,6.468400001525879
1378,2016-04-14,6.472599983215332
1379,2016-04-17,6.46560001373291
1380,2016-04-18,6.465199947357178
1381,2016-04-19,6.4481000900268555
1382,2016-04-20,6.4608001708984375
1383,2016-04-21,6.47189998626709
1384,2016-04-24,6.491000175476074
1385,2016-04-25,6.482999801635742
1386,2016-04-26,6.483500003814697
1387,2016-04-27,6.485000133514404
1388,2016-04-28,6.46589994430542
1389,2016-05-01,6.464099884033203
1390,2016-05-02,6.464099884033203
1391,2016-05-03,6.481800079345703
1392,2016-05-04,6.484799861907959
1393,2016-05-05,6.493500232696533
1394,2016-05-08,6.490200042724609
1395,2016-05-09,6.506899833679199
1396,2016-05-10,6.508299827575684
1397,2016-05-11,6.48199987411499
1398,2016-05-12,6.506800174713135
1399,2016-05-15,6.521999835968018
1400,2016-05-16,6.521299839019775
1401,2016-05-17,6.518599987030029
1402,2016-05-18,6.528800010681152
1403,2016-05-19,6.5370001792907715
1404,2016-05-22,6.5366997718811035
1405,2016-05-23,6.5457000732421875
1406,2016-05-24,6.5472002029418945
1407,2016-05-25,6.544099807739258
1408,2016-05-26,6.546999931335449
1409,2016-05-29,6.553299903869629
1410,2016-05-30,6.573299884796143
1411,2016-05-31,6.57289981842041
1412,2016-06-01,6.565100193023682
1413,2016-06-02,6.57450008392334
1414,2016-06-05,6.554800033569336
1415,2016-06-06,6.553800106048584
1416,2016-06-07,6.561500072479248
1417,2016-06-08,6.552499771118164
1418,2016-06-09,6.552000045776367
1419,2016-06-12,6.552000045776367
1420,2016-06-13,6.575699806213379
1421,2016-06-14,6.58650016784668
1422,2016-06-15,6.571800231933594
1423,2016-06-16,6.581999778747559
1424,2016-06-19,6.578400135040283
1425,2016-06-20,6.5671000480651855
1426,2016-06-21,6.5802998542785645
1427,2016-06-22,6.567500114440918
1428,2016-06-23,6.567299842834473
1429,2016-06-26,6.611800193786621
1430,2016-06-27,6.641600131988525
1431,2016-06-28,6.6381001472473145
1432,2016-06-29,6.626800060272217
1433,2016-06-30,6.6381001472473145
1434,2016-07-03,6.645699977874756
1435,2016-07-04,6.655300140380859
1436,2016-07-05,6.6697001457214355
1437,2016-07-06,6.683000087738037
1438,2016-07-07,6.67110013961792
1439,2016-07-10,6.678100109100342
1440,2016-07-11,6.683899879455566
1441,2016-07-12,6.678599834442139
1442,2016-07-13,6.676300048828125
1443,2016-07-14,6.673600196838379
1444,2016-07-17,6.67609977722168
1445,2016-07-18,6.704599857330322
1446,2016-07-19,6.695400238037109
1447,2016-07-20,6.676599979400635
1448,2016-07-21,6.6743998527526855
1449,2016-07-24,6.693900108337402
1450,2016-07-25,6.679299831390381
1451,2016-07-26,6.6697001457214355
1452,2016-07-27,6.666800022125244
1453,2016-07-28,6.656099796295166
1454,2016-07-31,6.642300128936768
1455,2016-08-01,6.641499996185303
1456,2016-08-02,6.628699779510498
1457,2016-08-03,6.630799770355225
1458,2016-08-04,6.638700008392334
1459,2016-08-07,6.673699855804443
1460,2016-08-08,6.660399913787842
1461,2016-08-09,6.655200004577637
1462,2016-08-10,6.639200210571289
1463,2016-08-11,6.625999927520752
1464,2016-08-14,6.644899845123291
1465,2016-08-15,6.63539981842041
1466,2016-08-16,6.624800205230713
1467,2016-08-17,6.633999824523926
1468,2016-08-18,6.611999988555908
1469,2016-08-21,6.634399890899658
1470,2016-08-22,6.647500038146973
1471,2016-08-23,6.6407999992370605
1472,2016-08-24,6.658400058746338
1473,2016-08-25,6.65939998626709
1474,2016-08-28,6.678899765014648
1475,2016-08-29,6.67519998550415
1476,2016-08-30,6.6803998947143555
1477,2016-08-31,6.677599906921387
1478,2016-09-01,6.6682000160217285
1479,2016-09-04,6.679800033569336
1480,2016-09-05,6.675899982452393
1481,2016-09-06,6.674300193786621
1482,2016-09-07,6.662600040435791
1483,2016-09-08,6.662799835205078
1484,2016-09-11,6.679900169372559
1485,2016-09-12,6.678699970245361
1486,2016-09-13,6.676400184631348
1487,2016-09-14,6.6732001304626465
1488,2016-09-15,6.671199798583984
1489,2016-09-18,6.6707000732421875
1490,2016-09-19,6.666200160980225
1491,2016-09-20,6.66949987411499
1492,2016-09-21,6.673600196838379
1493,2016-09-22,6.66379976272583
1494,2016-09-25,6.657199859619141
1495,2016-09-26,6.667699813842773
1496,2016-09-27,6.6697998046875
1497,2016-09-28,6.67519998550415
1498,2016-09-29,6.668700218200684
1499,2016-10-02,6.6381001472473145
1500,2016-10-03,6.6732001304626465
1501,2016-10-04,6.67080020904541
1502,2016-10-05,6.672999858856201
1503,2016-10-06,6.673699855804443
1504,2016-10-09,6.6768999099731445
1505,2016-10-10,6.707699775695801
1506,2016-10-11,6.723499774932861
1507,2016-10-12,6.718800067901611
1508,2016-10-13,6.729300022125244
1509,2016-10-16,6.730999946594238
1510,2016-10-17,6.731500148773193
1511,2016-10-18,6.743000030517578
1512,2016-10-19,6.735400199890137
1513,2016-10-20,6.743000030517578
1514,2016-10-23,6.766300201416016
1515,2016-10-24,6.776199817657471
1516,2016-10-25,6.780600070953369
1517,2016-10-26,6.769700050354004
1518,2016-10-27,6.784800052642822
1519,2016-10-31,6.783400058746338
1520,2016-11-01,6.774600028991699
1521,2016-11-02,6.766300201416016
1522,2016-11-03,6.747099876403809
1523,2016-11-04,6.766200065612793
1524,2016-11-07,6.755499839782715
1525,2016-11-08,6.774099826812744
1526,2016-11-09,6.784800052642822
1527,2016-11-10,6.77869987487793
1528,2016-11-11,6.801700115203857
1529,2016-11-14,6.805099964141846
1530,2016-11-15,6.845699787139893
1531,2016-11-16,6.858099937438965
1532,2016-11-17,6.7891998291015625
1533,2016-11-18,6.8765997886657715
1534,2016-11-21,6.892499923706055
1535,2016-11-22,6.888899803161621
1536,2016-11-23,6.8892998695373535
1537,2016-11-24,6.910200119018555
1538,2016-11-25,6.9182000160217285
1539,2016-11-28,6.9217000007629395
1540,2016-11-29,6.906300067901611
1541,2016-11-30,6.897299766540527
1542,2016-12-01,6.8907999992370605
1543,2016-12-02,6.876500129699707
1544,2016-12-05,6.885499954223633
1545,2016-12-06,6.870999813079834
1546,2016-12-07,6.872000217437744
1547,2016-12-08,6.870500087738037
1548,2016-12-09,6.869900226593018
1549,2016-12-12,6.906700134277344
1550,2016-12-13,6.896900177001953
1551,2016-12-14,6.89169979095459
1552,2016-12-15,6.903800010681152
1553,2016-12-16,6.934299945831299
1554,2016-12-19,6.9583001136779785
1555,2016-12-20,6.953000068664551
1556,2016-12-21,6.94980001449585
1557,2016-12-22,6.941400051116943
1558,2016-12-23,6.940400123596191
1559,2016-12-26,6.945300102233887
1560,2016-12-27,6.944699764251709
1561,2016-12-28,6.942500114440918
1562,2016-12-29,6.958099842071533
1563,2016-12-30,6.945300102233887
1564,2017-01-02,6.94379997253418
1565,2017-01-03,6.943999767303467
1566,2017-01-04,6.959799766540527
1567,2017-01-05,6.925099849700928
1568,2017-01-06,6.887899875640869
1569,2017-01-09,6.917500019073486
1570,2017-01-10,6.936699867248535
1571,2017-01-11,6.921199798583984
1572,2017-01-12,6.936100006103516
1573,2017-01-13,6.894899845123291
1574,2017-01-16,6.898799896240234
1575,2017-01-17,6.890999794006348
1576,2017-01-18,6.844600200653076
1577,2017-01-19,6.8379998207092285
1578,2017-01-20,6.861299991607666
1579,2017-01-23,6.875500202178955
1580,2017-01-24,6.843999862670898
1581,2017-01-25,6.848999977111816
1582,2017-01-26,6.873600006103516
1583,2017-01-27,6.878399848937988
1584,2017-01-30,6.882999897003174
1585,2017-01-31,6.88070011138916
1586,2017-02-01,6.878699779510498
1587,2017-02-02,6.880899906158447
1588,2017-02-03,6.880000114440918
1589,2017-02-06,6.872200012207031
1590,2017-02-07,6.86359977722168
1591,2017-02-08,6.884500026702881
1592,2017-02-09,6.872499942779541
1593,2017-02-10,6.868599891662598
1594,2017-02-13,6.895199775695801
1595,2017-02-14,6.879499912261963
1596,2017-02-15,6.866799831390381
1597,2017-02-16,6.8684000968933105
1598,2017-02-17,6.85260009765625
1599,2017-02-20,6.8557000160217285
1600,2017-02-21,6.8780999183654785
1601,2017-02-22,6.882599830627441
1602,2017-02-23,6.873700141906738
1603,2017-02-24,6.865499973297119
1604,2017-02-27,6.900700092315674
1605,2017-02-28,6.870100021362305
1606,2017-03-01,6.866399765014648
1607,2017-03-02,6.882199764251709
1608,2017-03-03,6.887599945068359
1609,2017-03-06,6.896200180053711
1610,2017-03-07,6.896699905395508
1611,2017-03-08,6.902299880981445
1612,2017-03-09,6.911900043487549
1613,2017-03-10,6.910200119018555
1614,2017-03-13,6.856599807739258
1615,2017-03-14,6.913000106811523
1616,2017-03-15,6.9145002365112305
1617,2017-03-16,6.913599967956543
1618,2017-03-17,6.896699905395508
1619,2017-03-20,6.904099941253662
1620,2017-03-21,6.906000137329102
1621,2017-03-22,6.884900093078613
1622,2017-03-23,6.882999897003174
1623,2017-03-24,6.885799884796143
1624,2017-03-26,6.853499889373779
1625,2017-03-27,6.872099876403809
1626,2017-03-28,6.878300189971924
1627,2017-03-29,6.887700080871582
1628,2017-03-30,6.888999938964844
1629,2017-04-02,6.880199909210205
1630,2017-04-03,6.883900165557861
1631,2017-04-04,6.885200023651123
1632,2017-04-05,6.893899917602539
1633,2017-04-06,6.897799968719482
1634,2017-04-09,6.905700206756592
1635,2017-04-10,6.903299808502197
1636,2017-04-11,6.8907999992370605
1637,2017-04-12,6.890900135040283
1638,2017-04-13,6.886499881744385
1639,2017-04-16,6.890999794006348
1640,2017-04-17,6.868599891662598
1641,2017-04-18,6.881899833679199
1642,2017-04-19,6.886000156402588
1643,2017-04-20,6.881700038909912
1644,2017-04-23,6.792099952697754
1645,2017-04-24,6.882500171661377
1646,2017-04-25,6.881700038909912
1647,2017-04-26,6.892099857330322
1648,2017-04-27,6.896900177001953
1649,2017-04-30,6.912099838256836
1650,2017-05-01,6.89300012588501
1651,2017-05-02,6.893499851226807
1652,2017-05-03,6.896699905395508
1653,2017-05-04,6.895400047302246
1654,2017-05-07,6.884699821472168
1655,2017-05-08,6.9045000076293945
1656,2017-05-09,6.907100200653076
1657,2017-05-10,6.9029998779296875
1658,2017-05-11,6.90369987487793
1659,2017-05-14,6.902100086212158
1660,2017-05-15,6.894000053405762
1661,2017-05-16,6.888599872589111
1662,2017-05-17,6.88129997253418
1663,2017-05-18,6.889100074768066
1664,2017-05-21,6.853899955749512
1665,2017-05-22,6.884399890899658
1666,2017-05-23,6.891200065612793
1667,2017-05-24,6.889999866485596
1668,2017-05-25,6.867700099945068
1669,2017-05-28,6.85699987411499
1670,2017-05-29,6.856200218200684
1671,2017-05-30,6.855800151824951
1672,2017-05-31,6.811200141906738
1673,2017-06-01,6.808599948883057
1674,2017-06-04,6.81279993057251
1675,2017-06-05,6.802800178527832
1676,2017-06-06,6.7957000732421875
1677,2017-06-07,6.797500133514404
1678,2017-06-08,6.799200057983398
1679,2017-06-11,6.784800052642822
1680,2017-06-12,6.797599792480469
1681,2017-06-13,6.798799991607666
1682,2017-06-14,6.790999889373779
1683,2017-06-15,6.808499813079834
1684,2017-06-18,6.803400039672852
1685,2017-06-19,6.819699764251709
1686,2017-06-20,6.826399803161621
1687,2017-06-21,6.8282999992370605
1688,2017-06-22,6.83459997177124
1689,2017-06-25,6.834199905395508
1690,2017-06-26,6.839799880981445
1691,2017-06-27,6.812600135803223
1692,2017-06-28,6.800000190734863
1693,2017-06-29,6.785699844360352
1694,2017-07-02,6.77810001373291
1695,2017-07-03,6.799799919128418
1696,2017-07-04,6.798699855804443
1697,2017-07-05,6.80079984664917
1698,2017-07-06,6.799900054931641
1699,2017-07-09,6.8028998374938965
1700,2017-07-11,6.801700115203857
1701,2017-07-12,6.788000106811523
1702,2017-07-13,6.782599925994873
1703,2017-07-16,6.740499973297119
1704,2017-07-17,6.769499778747559
1705,2017-07-18,6.7453999519348145
1706,2017-07-19,6.751299858093262
1707,2017-07-20,6.758900165557861
1708,2017-07-23,6.719699859619141
1709,2017-07-24,6.750100135803223
1710,2017-07-25,6.749800205230713
1711,2017-07-26,6.754000186920166
1712,2017-07-27,6.739999771118164
1713,2017-07-30,6.738900184631348
1714,2017-07-31,6.725500106811523
1715,2017-08-01,6.713699817657471
1716,2017-08-02,6.721700191497803
1717,2017-08-03,6.71560001373291
1718,2017-08-06,6.765699863433838
1719,2017-08-07,6.721499919891357
1720,2017-08-08,6.709799766540527
1721,2017-08-09,6.671800136566162
1722,2017-08-10,6.6458001136779785
1723,2017-08-13,6.6620001792907715
1724,2017-08-14,6.668700218200684
1725,2017-08-15,6.6844000816345215
1726,2017-08-16,6.689700126647949
1727,2017-08-17,6.677700042724609
1728,2017-08-20,6.668700218200684
1729,2017-08-21,6.665900230407715
1730,2017-08-22,6.6616997718811035
1731,2017-08-23,6.658299922943115
1732,2017-08-24,6.661300182342529
1733,2017-08-27,6.582900047302246
1734,2017-08-28,6.607399940490723
1735,2017-08-29,6.595399856567383
1736,2017-08-30,6.595699787139893
1737,2017-08-31,6.589799880981445
1738,2017-09-03,6.546500205993652
1739,2017-09-04,6.529900074005127
1740,2017-09-05,6.537399768829346
1741,2017-09-06,6.521200180053711
1742,2017-09-07,6.484600067138672
1743,2017-09-10,6.530900001525879
1744,2017-09-11,6.530399799346924
1745,2017-09-12,6.534999847412109
1746,2017-09-13,6.542200088500977
1747,2017-09-14,6.554800033569336
1748,2017-09-17,6.5507001876831055
1749,2017-09-18,6.5731000900268555
1750,2017-09-19,6.5833001136779785
1751,2017-09-20,6.574900150299072
1752,2017-09-21,6.590000152587891
1753,2017-09-24,6.604599952697754
1754,2017-09-25,6.620500087738037
1755,2017-09-26,6.639599800109863
1756,2017-09-27,6.640500068664551
1757,2017-09-28,6.664999961853027
1758,2017-10-01,6.657800197601318
1759,2017-10-02,6.651700019836426
1760,2017-10-03,6.651100158691406
1761,2017-10-04,6.653800010681152
1762,2017-10-05,6.653900146484375
1763,2017-10-08,6.650000095367432
1764,2017-10-09,6.62529993057251
1765,2017-10-10,6.571400165557861
1766,2017-10-11,6.5894999504089355
1767,2017-10-12,6.5879998207092285
1768,2017-10-15,6.5833001136779785
1769,2017-10-16,6.588500022888184
1770,2017-10-17,6.622000217437744
1771,2017-10-18,6.627799987792969
1772,2017-10-19,6.614099979400635
1773,2017-10-22,6.638800144195557
1774,2017-10-23,6.638299942016602
1775,2017-10-24,6.636000156402588
1776,2017-10-25,6.637599945068359
1777,2017-10-26,6.64109992980957
1778,2017-10-30,6.658999919891357
1779,2017-10-31,6.642399787902832
1780,2017-11-01,6.635799884796143
1781,2017-11-02,6.599400043487549
1782,2017-11-03,6.608099937438965
1783,2017-11-06,6.638000011444092
1784,2017-11-07,6.633500099182129
1785,2017-11-08,6.639800071716309
1786,2017-11-09,6.6265997886657715
1787,2017-11-10,6.630300045013428
1788,2017-11-13,6.6392998695373535
1789,2017-11-14,6.638599872589111
1790,2017-11-15,6.6356000900268555
1791,2017-11-17,6.627699851989746
1792,2017-11-20,6.661900043487549
1793,2017-11-21,6.633500099182129
1794,2017-11-22,6.629199981689453
1795,2017-11-23,6.610899925231934
1796,2017-11-24,6.5833001136779785
1797,2017-11-27,6.601200103759766
1798,2017-11-28,6.595300197601318
1799,2017-11-29,6.609399795532227
1800,2017-11-30,6.60830020904541
1801,2017-12-01,6.612100124359131
1802,2017-12-04,6.6346001625061035
1803,2017-12-05,6.618899822235107
1804,2017-12-06,6.616799831390381
1805,2017-12-07,6.6143999099731445
1806,2017-12-08,6.618000030517578
1807,2017-12-11,6.618299961090088
1808,2017-12-12,6.617099761962891
1809,2017-12-13,6.6203999519348145
1810,2017-12-14,6.61870002746582
1811,2017-12-15,6.60860013961792
1812,2017-12-18,6.6149001121521
1813,2017-12-19,6.614200115203857
1814,2017-12-20,6.605000019073486
1815,2017-12-21,6.579699993133545
1816,2017-12-22,6.585400104522705
1817,2017-12-25,6.57859992980957
1818,2017-12-26,6.53879976272583
1819,2017-12-27,6.543099880218506
1820,2017-12-28,6.554699897766113
1821,2017-12-29,6.531599998474121
1822,2018-01-01,6.50570011138916
1823,2018-01-02,6.505799770355225
1824,2018-01-03,6.49399995803833
1825,2018-01-04,6.5030999183654785
1826,2018-01-05,6.493299961090088
1827,2018-01-08,6.487500190734863
1828,2018-01-09,6.497600078582764
1829,2018-01-10,6.529399871826172
1830,2018-01-11,6.507199764251709
1831,2018-01-12,6.490200042724609
1832,2018-01-15,6.456200122833252
1833,2018-01-16,6.435200214385986
1834,2018-01-17,6.442299842834473
1835,2018-01-18,6.43209981918335
1836,2018-01-19,6.420599937438965
1837,2018-01-22,6.4029998779296875
1838,2018-01-23,6.404399871826172
1839,2018-01-24,6.402900218963623
1840,2018-01-25,6.36929988861084
1841,2018-01-26,6.322800159454346
1842,2018-01-29,6.315899848937988
1843,2018-01-30,6.336299896240234
1844,2018-01-31,6.321100234985352
1845,2018-02-01,6.2881999015808105
1846,2018-02-02,6.298399925231934
1847,2018-02-05,6.307600021362305
1848,2018-02-06,6.289700031280518
1849,2018-02-07,6.28249979019165
1850,2018-02-08,6.267600059509277
1851,2018-02-09,6.326300144195557
1852,2018-02-12,6.286900043487549
1853,2018-02-13,6.326499938964844
1854,2018-02-14,6.340000152587891
1855,2018-02-15,6.3460001945495605
1856,2018-02-16,6.3471999168396
1857,2018-02-19,6.340099811553955
1858,2018-02-20,6.348400115966797
1859,2018-02-21,6.346199989318848
1860,2018-02-22,6.34660005569458
1861,2018-02-23,6.350200176239014
1862,2018-02-26,6.327300071716309
1863,2018-02-27,6.3140997886657715
1864,2018-02-28,6.316699981689453
1865,2018-03-01,6.330900192260742
1866,2018-03-02,6.357399940490723
1867,2018-03-05,6.350299835205078
1868,2018-03-06,6.348899841308594
1869,2018-03-07,6.3094000816345215
1870,2018-03-08,6.324999809265137
1871,2018-03-09,6.341599941253662
1872,2018-03-12,6.328499794006348
1873,2018-03-13,6.329100131988525
1874,2018-03-14,6.320400238037109
1875,2018-03-15,6.315999984741211
1876,2018-03-16,6.320899963378906
1877,2018-03-19,6.338200092315674
1878,2018-03-20,6.331600189208984
1879,2018-03-21,6.332900047302246
1880,2018-03-22,6.3206000328063965
1881,2018-03-23,6.334700107574463
1882,2018-03-25,6.320000171661377
1883,2018-03-26,6.27239990234375
1884,2018-03-27,6.281799793243408
1885,2018-03-28,6.295599937438965
1886,2018-03-29,6.288899898529053
1887,2018-04-01,6.282199859619141
1888,2018-04-02,6.279399871826172
1889,2018-04-03,6.288400173187256
1890,2018-04-04,6.304200172424316
1891,2018-04-05,6.3024001121521
1892,2018-04-08,6.308599948883057
1893,2018-04-09,6.3053998947143555
1894,2018-04-10,6.281599998474121
1895,2018-04-11,6.268599987030029
1896,2018-04-12,6.290999889373779
1897,2018-04-15,6.274099826812744
1898,2018-04-16,6.275700092315674
1899,2018-04-17,6.2804999351501465
1900,2018-04-18,6.273399829864502
1901,2018-04-19,6.27810001373291
1902,2018-04-22,6.295499801635742
1903,2018-04-23,6.316100120544434
1904,2018-04-24,6.3059000968933105
1905,2018-04-25,6.324699878692627
1906,2018-04-26,6.335400104522705
1907,2018-04-29,6.336999893188477
1908,2018-04-30,6.332099914550781
1909,2018-05-01,6.332300186157227
1910,2018-05-02,6.361499786376953
1911,2018-05-03,6.352700233459473
1912,2018-05-06,6.361700057983398
1913,2018-05-07,6.366099834442139
1914,2018-05-08,6.369699954986572
1915,2018-05-09,6.361400127410889
1916,2018-05-10,6.348199844360352
1917,2018-05-13,6.333099842071533
1918,2018-05-14,6.3383002281188965
1919,2018-05-15,6.376800060272217
1920,2018-05-16,6.370500087738037
1921,2018-05-17,6.366199970245361
1922,2018-05-20,6.382800102233887
1923,2018-05-21,6.381100177764893
1924,2018-05-22,6.364200115203857
1925,2018-05-23,6.388800144195557
1926,2018-05-24,6.376399993896484
1927,2018-05-27,6.368599891662598
1928,2018-05-28,6.3983001708984375
1929,2018-05-29,6.416600227355957
1930,2018-05-30,6.418000221252441
1931,2018-05-31,6.409299850463867
1932,2018-06-03,6.419400215148926
1933,2018-06-04,6.4070000648498535
1934,2018-06-05,6.40500020980835
1935,2018-06-06,6.387899875640869
1936,2018-06-07,6.392099857330322
1937,2018-06-10,6.405700206756592
1938,2018-06-11,6.391600131988525
1939,2018-06-12,6.4004998207092285
1940,2018-06-13,6.397299766540527
1941,2018-06-14,6.4045000076293945
1942,2018-06-17,6.433000087738037
1943,2018-06-18,6.438799858093262
1944,2018-06-19,6.485499858856201
1945,2018-06-20,6.47160005569458
1946,2018-06-21,6.492099761962891
1947,2018-06-24,6.504300117492676
1948,2018-06-25,6.539000034332275
1949,2018-06-26,6.5782999992370605
1950,2018-06-27,6.601900100708008
1951,2018-06-28,6.627399921417236
1952,2018-07-01,6.624300003051758
1953,2018-07-02,6.6666998863220215
1954,2018-07-03,6.640999794006348
1955,2018-07-04,6.63129997253418
1956,2018-07-05,6.6367998123168945
1957,2018-07-08,6.639200210571289
1958,2018-07-09,6.615200042724609
1959,2018-07-10,6.631400108337402
1960,2018-07-11,6.682799816131592
1961,2018-07-12,6.665900230407715
1962,2018-07-15,6.6946001052856445
1963,2018-07-16,6.6915998458862305
1964,2018-07-17,6.7067999839782715
1965,2018-07-18,6.717700004577637
1966,2018-07-19,6.771699905395508
1967,2018-07-22,6.7581000328063965
1968,2018-07-23,6.791999816894531
1969,2018-07-24,6.790500164031982
1970,2018-07-25,6.768700122833252
1971,2018-07-26,6.782800197601318
1972,2018-07-29,6.812699794769287
1973,2018-07-30,6.814899921417236
1974,2018-07-31,6.811699867248535
1975,2018-08-01,6.8225998878479
1976,2018-08-02,6.832799911499023
1977,2018-08-05,6.833199977874756
1978,2018-08-06,6.854100227355957
1979,2018-08-07,6.833600044250488
1980,2018-08-08,6.83519983291626
1981,2018-08-09,6.817200183868408
1982,2018-08-12,6.846199989318848
1983,2018-08-13,6.889400005340576
1984,2018-08-14,6.884699821472168
1985,2018-08-15,6.933800220489502
1986,2018-08-16,6.881499767303467
1987,2018-08-19,6.8765997886657715
1988,2018-08-20,6.856800079345703
1989,2018-08-21,6.8454999923706055
1990,2018-08-22,6.843200206756592
1991,2018-08-23,6.877500057220459
1992,2018-08-26,6.800600051879883
1993,2018-08-27,6.813300132751465
1994,2018-08-28,6.804200172424316
1995,2018-08-29,6.818699836730957
1996,2018-08-30,6.843100070953369
1997,2018-09-02,6.83459997177124
1998,2018-09-03,6.8221001625061035
1999,2018-09-04,6.84250020980835
2000,2018-09-05,6.829999923706055
2001,2018-09-06,6.834400177001953
2002,2018-09-09,6.839099884033203
2003,2018-09-10,6.855299949645996
2004,2018-09-11,6.8744001388549805
2005,2018-09-12,6.859899997711182
2006,2018-09-13,6.842899799346924
2007,2018-09-16,6.865600109100342
2008,2018-09-17,6.855500221252441
2009,2018-09-18,6.860199928283691
2010,2018-09-19,6.84689998626709
2011,2018-09-20,6.845900058746338
2012,2018-09-23,6.8566999435424805
2013,2018-09-24,6.8734002113342285
2014,2018-09-25,6.866300106048584
2015,2018-09-26,6.876100063323975
2016,2018-09-27,6.880300045013428
2017,2018-09-30,6.8678998947143555
2018,2018-10-01,6.8678998947143555
2019,2018-10-02,6.8678998947143555
2020,2018-10-03,6.867800235748291
2021,2018-10-04,6.8678998947143555
2022,2018-10-07,6.85890007019043
2023,2018-10-08,6.929800033569336
2024,2018-10-09,6.921800136566162
2025,2018-10-10,6.923299789428711
2026,2018-10-11,6.888599872589111
2027,2018-10-14,6.921199798583984
2028,2018-10-15,6.915900230407715
2029,2018-10-16,6.910999774932861
2030,2018-10-17,6.926300048828125
2031,2018-10-18,6.936699867248535
2032,2018-10-21,6.928599834442139
2033,2018-10-22,6.946499824523926
2034,2018-10-23,6.937399864196777
2035,2018-10-24,6.942999839782715
2036,2018-10-25,6.947999954223633
2037,2018-10-29,6.942500114440918
2038,2018-10-30,6.951900005340576
2039,2018-10-31,6.966300010681152
2040,2018-11-01,6.974699974060059
2041,2018-11-02,6.922399997711182
2042,2018-11-05,6.889900207519531
2043,2018-11-06,6.924799919128418
2044,2018-11-07,6.918499946594238
2045,2018-11-08,6.909999847412109
2046,2018-11-09,6.933499813079834
2047,2018-11-12,6.955900192260742
2048,2018-11-13,6.962500095367432
2049,2018-11-14,6.9552001953125
2050,2018-11-15,6.94950008392334
2051,2018-11-16,6.938199996948242
2052,2018-11-19,6.936999797821045
2053,2018-11-20,6.940999984741211
2054,2018-11-21,6.944399833679199
2055,2018-11-22,6.926199913024902
2056,2018-11-23,6.931000232696533
2057,2018-11-26,6.947500228881836
2058,2018-11-27,6.930799961090088
2059,2018-11-28,6.9506001472473145
2060,2018-11-29,6.952899932861328
2061,2018-11-30,6.941500186920166
2062,2018-12-03,6.958000183105469
2063,2018-12-04,6.882299900054932
2064,2018-12-05,6.836299896240234
2065,2018-12-06,6.855800151824951
2066,2018-12-07,6.881700038909912
2067,2018-12-10,6.87470006942749
2068,2018-12-11,6.910999774932861
2069,2018-12-12,6.89900016784668
2070,2018-12-13,6.879000186920166
2071,2018-12-14,6.88070011138916
2072,2018-12-17,6.906599998474121
2073,2018-12-18,6.896200180053711
2074,2018-12-19,6.894199848175049
2075,2018-12-20,6.890999794006348
2076,2018-12-21,6.884099960327148
2077,2018-12-24,6.905399799346924
2078,2018-12-25,6.898099899291992
2079,2018-12-26,6.8983001708984375
2080,2018-12-27,6.898099899291992
2081,2018-12-28,6.865300178527832
2082,2018-12-31,6.877200126647949
2083,2019-01-01,6.877600193023682
2084,2019-01-02,6.877500057220459
2085,2019-01-03,6.861100196838379
2086,2019-01-04,6.871099948883057
2087,2019-01-07,6.8684000968933105
2088,2019-01-08,6.849999904632568
2089,2019-01-09,6.852200031280518
2090,2019-01-10,6.8155999183654785
2091,2019-01-11,6.787499904632568
2092,2019-01-14,6.76200008392334
2093,2019-01-15,6.767099857330322
2094,2019-01-16,6.750999927520752
2095,2019-01-17,6.75600004196167
2096,2019-01-18,6.775400161743164
2097,2019-01-21,6.7778000831604
2098,2019-01-22,6.797299861907959
2099,2019-01-23,6.807000160217285
2100,2019-01-24,6.790999889373779
2101,2019-01-25,6.787600040435791
2102,2019-01-28,6.746399879455566
2103,2019-01-29,6.74429988861084
2104,2019-01-30,6.73199987411499
2105,2019-01-31,6.7154998779296875
2106,2019-02-01,6.69980001449585
2107,2019-02-04,6.743800163269043
2108,2019-02-05,6.743800163269043
2109,2019-02-06,6.734799861907959
2110,2019-02-07,6.743800163269043
2111,2019-02-08,6.743800163269043
2112,2019-02-11,6.743800163269043
2113,2019-02-12,6.791399955749512
2114,2019-02-13,6.7729997634887695
2115,2019-02-14,6.759399890899658
2116,2019-02-15,6.771200180053711
2117,2019-02-18,6.77209997177124
2118,2019-02-19,6.765699863433838
2119,2019-02-20,6.757699966430664
2120,2019-02-21,6.720300197601318
2121,2019-02-22,6.719099998474121
2122,2019-02-25,6.713200092315674
2123,2019-02-26,6.688399791717529
2124,2019-02-27,6.69920015335083
2125,2019-02-28,6.686200141906738
2126,2019-03-01,6.692999839782715
2127,2019-03-04,6.705399990081787
2128,2019-03-05,6.706299781799316
2129,2019-03-06,6.706600189208984
2130,2019-03-07,6.710899829864502
2131,2019-03-08,6.714099884033203
2132,2019-03-11,6.720600128173828
2133,2019-03-12,6.725500106811523
2134,2019-03-13,6.707600116729736
2135,2019-03-14,6.706099987030029
2136,2019-03-15,6.7220001220703125
2137,2019-03-18,6.712800025939941
2138,2019-03-19,6.703100204467773
2139,2019-03-20,6.710999965667725
2140,2019-03-21,6.693600177764893
2141,2019-03-22,6.698200225830078
2142,2019-03-25,6.717100143432617
2143,2019-03-26,6.708399772644043
2144,2019-03-27,6.714700222015381
2145,2019-03-28,6.726200103759766
2146,2019-03-29,6.738100051879883
2147,2019-03-31,6.711100101470947
2148,2019-04-01,6.7104997634887695
2149,2019-04-02,6.722400188446045
2150,2019-04-03,6.701399803161621
2151,2019-04-04,6.716599941253662
2152,2019-04-07,6.716899871826172
2153,2019-04-08,6.715400218963623
2154,2019-04-09,6.7108001708984375
2155,2019-04-10,6.715400218963623
2156,2019-04-11,6.718500137329102
2157,2019-04-14,6.703199863433838
2158,2019-04-15,6.707699775695801
2159,2019-04-16,6.71120023727417
2160,2019-04-17,6.68720006942749
2161,2019-04-18,6.708099842071533
2162,2019-04-21,6.703400135040283
2163,2019-04-22,6.708499908447266
2164,2019-04-23,6.724899768829346
2165,2019-04-24,6.720900058746338
2166,2019-04-25,6.742099761962891
2167,2019-04-28,6.728799819946289
2168,2019-04-29,6.732399940490723
2169,2019-04-30,6.733799934387207
2170,2019-05-01,6.734000205993652
2171,2019-05-02,6.73390007019043
2172,2019-05-05,6.73360013961792
2173,2019-05-06,6.763599872589111
2174,2019-05-07,6.776000022888184
2175,2019-05-08,6.7820000648498535
2176,2019-05-09,6.826499938964844
2177,2019-05-12,6.8231000900268555
2178,2019-05-13,6.877299785614014
2179,2019-05-14,6.874899864196777
2180,2019-05-15,6.875199794769287
2181,2019-05-16,6.882800102233887
2182,2019-05-19,6.917699813842773
2183,2019-05-20,6.911300182342529
2184,2019-05-22,6.905399799346924
2185,2019-05-23,6.9095001220703125
2186,2019-05-26,6.8993000984191895
2187,2019-05-27,6.897200107574463
2188,2019-05-28,6.90910005569458
2189,2019-05-29,6.913400173187256
2190,2019-05-30,6.900899887084961
2191,2019-06-02,6.904099941253662
2192,2019-06-03,6.9028000831604
2193,2019-06-04,6.907299995422363
2194,2019-06-05,6.908100128173828
2195,2019-06-06,6.908999919891357
2196,2019-06-09,6.90880012512207
2197,2019-06-10,6.930099964141846
2198,2019-06-11,6.910399913787842
2199,2019-06-12,6.916900157928467
2200,2019-06-13,6.92080020904541
2201,2019-06-16,6.924499988555908
2202,2019-06-17,6.924900054931641
2203,2019-06-18,6.902299880981445
2204,2019-06-19,6.902699947357178
2205,2019-06-20,6.85099983215332
2206,2019-06-23,6.868899822235107
2207,2019-06-24,6.876100063323975
2208,2019-06-25,6.878799915313721
2209,2019-06-26,6.8790998458862305
2210,2019-06-27,6.867099761962891
2211,2019-06-30,6.865799903869629
2212,2019-07-01,6.850800037384033
2213,2019-07-02,6.872000217437744
2214,2019-07-03,6.880199909210205
2215,2019-07-04,6.87060022354126
2216,2019-07-07,6.892600059509277
2217,2019-07-08,6.880899906158447
2218,2019-07-09,6.888299942016602
2219,2019-07-10,6.872200012207031
2220,2019-07-11,6.869200229644775
2221,2019-07-14,6.879799842834473
2222,2019-07-15,6.8769001960754395
2223,2019-07-16,6.87529993057251
2224,2019-07-17,6.872799873352051
2225,2019-07-18,6.8790998458862305
2226,2019-07-21,6.881100177764893
2227,2019-07-22,6.880099773406982
2228,2019-07-23,6.878300189971924
2229,2019-07-24,6.871500015258789
2230,2019-07-25,6.871600151062012
2231,2019-07-28,6.878200054168701
2232,2019-07-29,6.892399787902832
2233,2019-07-30,6.883600234985352
2234,2019-07-31,6.883399963378906
2235,2019-08-01,6.897799968719482
2236,2019-08-04,6.939199924468994
2237,2019-08-05,7.049699783325195
2238,2019-08-06,7.025599956512451
2239,2019-08-07,7.059100151062012
2240,2019-08-08,7.044300079345703
2241,2019-08-11,7.061500072479248
2242,2019-08-12,7.057199954986572
2243,2019-08-13,7.0335001945495605
2244,2019-08-14,7.023499965667725
2245,2019-08-15,7.02400016784668
2246,2019-08-18,7.041900157928467
2247,2019-08-19,7.049799919128418
2248,2019-08-20,7.059599876403809
2249,2019-08-21,7.062399864196777
2250,2019-08-22,7.082699775695801
2251,2019-08-25,7.09499979019165
2252,2019-08-26,7.150300025939941
2253,2019-08-27,7.161399841308594
2254,2019-08-28,7.155300140380859
2255,2019-08-29,7.143599987030029
2256,2019-09-01,7.155700206756592
2257,2019-09-02,7.171000003814697
2258,2019-09-03,7.177999973297119
2259,2019-09-04,7.145100116729736
2260,2019-09-05,7.14769983291626
2261,2019-09-08,7.114699840545654
2262,2019-09-09,7.121099948883057
2263,2019-09-10,7.111700057983398
2264,2019-09-11,7.115799903869629
2265,2019-09-12,7.078400135040283
2266,2019-09-15,7.078400135040283
2267,2019-09-16,7.066400051116943
2268,2019-09-17,7.09089994430542
2269,2019-09-18,7.085000038146973
2270,2019-09-19,7.095600128173828
2271,2019-09-22,7.09060001373291
2272,2019-09-23,7.117599964141846
2273,2019-09-24,7.115499973297119
2274,2019-09-25,7.130799770355225
2275,2019-09-26,7.1315999031066895
2276,2019-09-29,7.121799945831299
2277,2019-09-30,7.147500038146973
2278,2019-10-01,7.14739990234375
2279,2019-10-02,7.147600173950195
2280,2019-10-03,7.147500038146973
2281,2019-10-06,7.14739990234375
2282,2019-10-07,7.14739990234375
2283,2019-10-08,7.143499851226807
2284,2019-10-09,7.131400108337402
2285,2019-10-10,7.115499973297119
2286,2019-10-13,7.087200164794922
2287,2019-10-14,7.0665998458862305
2288,2019-10-15,7.0808000564575195
2289,2019-10-16,7.092700004577637
2290,2019-10-17,7.076399803161621
2291,2019-10-20,7.080699920654297
2292,2019-10-21,7.066299915313721
2293,2019-10-22,7.076200008392334
2294,2019-10-23,7.064599990844727
2295,2019-10-24,7.0680999755859375
2296,2019-10-28,7.064700126647949
2297,2019-10-29,7.06689977645874
2298,2019-10-30,7.064899921417236
2299,2019-10-31,7.0543999671936035
2300,2019-11-01,7.0381999015808105
2301,2019-11-04,7.036399841308594
2302,2019-11-05,7.029399871826172
2303,2019-11-06,7.008800029754639
2304,2019-11-07,6.997200012207031
2305,2019-11-11,6.994999885559082
2306,2019-11-12,7.0096001625061035
2307,2019-11-13,7.006800174713135
2308,2019-11-14,7.022600173950195
2309,2019-11-15,7.019800186157227
2310,2019-11-18,7.007299900054932
2311,2019-11-19,7.025000095367432
2312,2019-11-20,7.026800155639648
2313,2019-11-21,7.034999847412109
2314,2019-11-22,7.028200149536133
2315,2019-11-25,7.038300037384033
2316,2019-11-26,7.0355000495910645
2317,2019-11-27,7.03249979019165
2318,2019-11-28,7.027900218963623
2319,2019-11-29,7.03439998626709
2320,2019-12-02,7.031499862670898
2321,2019-12-03,7.038300037384033
2322,2019-12-04,7.060200214385986
2323,2019-12-05,7.048900127410889
2324,2019-12-06,7.043799877166748
2325,2019-12-09,7.034299850463867
2326,2019-12-10,7.0381999015808105
2327,2019-12-11,7.033299922943115
2328,2019-12-12,7.037799835205078
2329,2019-12-13,7.019499778747559
2330,2019-12-16,6.97189998626709
2331,2019-12-17,6.981599807739258
2332,2019-12-18,6.996200084686279
2333,2019-12-19,7.004000186920166
2334,2019-12-20,7.009399890899658
2335,2019-12-23,7.00570011138916
2336,2019-12-24,7.0117998123168945
2337,2019-12-25,7.006400108337402
2338,2019-12-26,6.98829984664917
2339,2019-12-27,6.996300220489502
2340,2019-12-30,6.994800090789795
2341,2019-12-31,6.9857001304626465
2342,2020-01-01,6.962299823760986
2343,2020-01-02,6.962200164794922
2344,2020-01-03,6.963399887084961
2345,2020-01-06,6.9644999504089355
2346,2020-01-07,6.9745001792907715
2347,2020-01-08,6.944399833679199
2348,2020-01-09,6.945199966430664
2349,2020-01-10,6.951700210571289
2350,2020-01-13,6.909299850463867
2351,2020-01-14,6.8927001953125
2352,2020-01-15,6.900300025939941
2353,2020-01-16,6.889800071716309
2354,2020-01-17,6.8780999183654785
2355,2020-01-20,6.858699798583984
2356,2020-01-21,6.865799903869629
2357,2020-01-22,6.904799938201904
2358,2020-01-23,6.905700206756592
2359,2020-01-24,6.9355998039245605
2360,2020-01-27,6.935699939727783
2361,2020-01-28,6.935699939727783
2362,2020-01-29,6.935699939727783
2363,2020-01-30,6.935699939727783
2364,2020-01-31,6.935699939727783
2365,2020-02-03,6.935699939727783
2366,2020-02-04,7.020599842071533
2367,2020-02-05,6.997499942779541
2368,2020-02-06,6.972799777984619
2369,2020-02-07,6.969799995422363
2370,2020-02-10,7.0005998611450195
2371,2020-02-11,6.983500003814697
2372,2020-02-12,6.964900016784668
2373,2020-02-13,6.9710001945495605
2374,2020-02-14,6.976399898529053
2375,2020-02-17,6.986100196838379
2376,2020-02-18,6.979300022125244
2377,2020-02-19,6.996200084686279
2378,2020-02-20,6.997200012207031
2379,2020-02-21,7.02239990234375
2380,2020-02-24,7.026199817657471
2381,2020-02-25,7.02839994430542
2382,2020-02-26,7.036399841308594
2383,2020-02-27,7.03980016708374
2384,2020-02-28,7.003499984741211
2385,2020-03-02,6.990900039672852
2386,2020-03-03,6.999800205230713
2387,2020-03-04,6.960999965667725
2388,2020-03-05,6.965400218963623
2389,2020-03-06,6.935999870300293
2390,2020-03-09,6.931099891662598
2391,2020-03-10,6.9456000328063965
2392,2020-03-11,6.955599784851074
2393,2020-03-12,6.95959997177124
2394,2020-03-13,7.028600215911865
2395,2020-03-16,7.007199764251709
2396,2020-03-17,6.992700099945068
2397,2020-03-18,7.006199836730957
2398,2020-03-19,7.04640007019043
2399,2020-03-20,7.107699871063232
2400,2020-03-23,7.094799995422363
2401,2020-03-24,7.091300010681152
2402,2020-03-25,7.061999797821045
2403,2020-03-26,7.113500118255615
2404,2020-03-27,7.0731000900268555
2405,2020-03-29,7.095300197601318
2406,2020-03-30,7.0991997718811035
2407,2020-03-31,7.081399917602539
2408,2020-04-01,7.099299907684326
2409,2020-04-02,7.083199977874756
2410,2020-04-05,7.091300010681152
2411,2020-04-06,7.091300010681152
2412,2020-04-07,7.0447998046875
2413,2020-04-08,7.064899921417236
2414,2020-04-09,7.042200088500977
2415,2020-04-12,7.035099983215332
2416,2020-04-13,7.051599979400635
2417,2020-04-14,7.048299789428711
2418,2020-04-15,7.066500186920166
2419,2020-04-16,7.078800201416016
2420,2020-04-19,7.072199821472168
2421,2020-04-20,7.072400093078613
2422,2020-04-21,7.070799827575684
2423,2020-04-22,7.083099842071533
2424,2020-04-23,7.065199851989746
2425,2020-04-26,7.080900192260742
2426,2020-04-27,7.085299968719482
2427,2020-04-28,7.078100204467773
2428,2020-04-29,7.075399875640869
2429,2020-04-30,7.061299800872803
2430,2020-05-03,7.061500072479248
2431,2020-05-04,7.061500072479248
2432,2020-05-05,7.061500072479248
2433,2020-05-06,7.103600025177002
2434,2020-05-07,7.083799839019775
2435,2020-05-10,7.0731000900268555
2436,2020-05-11,7.0980000495910645
2437,2020-05-12,7.082099914550781
2438,2020-05-13,7.091300010681152
2439,2020-05-14,7.094699859619141
2440,2020-05-17,7.101200103759766
2441,2020-05-18,7.10860013961792
2442,2020-05-19,7.098199844360352
2443,2020-05-20,7.09250020980835
2444,2020-05-21,7.114299774169922
2445,2020-05-24,7.12939977645874
2446,2020-05-25,7.135700225830078
2447,2020-05-26,7.134099960327148
2448,2020-05-27,7.1682000160217285
2449,2020-05-28,7.145199775695801
2450,2020-05-31,7.136300086975098
2451,2020-06-01,7.126699924468994
2452,2020-06-02,7.099899768829346
2453,2020-06-03,7.114699840545654
2454,2020-06-04,7.1092000007629395
2455,2020-06-07,7.080999851226807
2456,2020-06-08,7.070300102233887
2457,2020-06-09,7.076300144195557
2458,2020-06-10,7.059999942779541
2459,2020-06-11,7.0640997886657715
2460,2020-06-14,7.082399845123291
2461,2020-06-15,7.090799808502197
2462,2020-06-16,7.085999965667725
2463,2020-06-17,7.084499835968018
2464,2020-06-18,7.088399887084961
2465,2020-06-21,7.071300029754639
2466,2020-06-22,7.067399978637695
2467,2020-06-23,7.057400226593018
2468,2020-06-24,7.077199935913086
2469,2020-06-25,7.077199935913086
2470,2020-06-28,7.077199935913086
2471,2020-06-29,7.079599857330322
2472,2020-06-30,7.0644001960754395
2473,2020-07-01,7.070099830627441
2474,2020-07-02,7.065499782562256
2475,2020-07-05,7.065400123596191
2476,2020-07-06,7.017300128936768
2477,2020-07-07,7.012899875640869
2478,2020-07-08,7.003499984741211
2479,2020-07-09,6.993100166320801
2480,2020-07-12,6.992000102996826
2481,2020-07-13,6.996399879455566
2482,2020-07-14,6.995800018310547
2483,2020-07-15,6.987800121307373
2484,2020-07-16,6.9882001876831055
2485,2020-07-19,6.991199970245361
2486,2020-07-20,6.9822998046875
2487,2020-07-21,6.979700088500977
2488,2020-07-22,6.998700141906738
2489,2020-07-23,7.0030999183654785
2490,2020-07-26,7.01609992980957
2491,2020-07-27,6.993199825286865
2492,2020-07-28,6.99970006942749
2493,2020-07-29,7.00029993057251
2494,2020-07-30,7.007299900054932
2495,2020-08-02,6.9741997718811035
2496,2020-08-03,6.979400157928467
2497,2020-08-04,6.972700119018555
2498,2020-08-05,6.934599876403809
2499,2020-08-06,6.952400207519531
2500,2020-08-09,6.9670000076293945
2501,2020-08-10,6.9608001708984375
2502,2020-08-11,6.945300102233887
2503,2020-08-12,6.936200141906738
2504,2020-08-13,6.943600177764893
2505,2020-08-16,6.949399948120117
2506,2020-08-17,6.93179988861084
2507,2020-08-18,6.92080020904541
2508,2020-08-19,6.9191999435424805
2509,2020-08-20,6.91480016708374
2510,2020-08-23,6.918499946594238
2511,2020-08-24,6.918900012969971
2512,2020-08-25,6.911900043487549
2513,2020-08-26,6.884900093078613
2514,2020-08-27,6.889200210571289
2515,2020-08-30,6.8643999099731445
2516,2020-08-31,6.847700119018555
2517,2020-09-01,6.827499866485596
2518,2020-09-02,6.837299823760986
2519,2020-09-03,6.845799922943115
2520,2020-09-06,6.8414998054504395
2521,2020-09-07,6.829500198364258
2522,2020-09-08,6.845099925994873
2523,2020-09-09,6.8317999839782715
2524,2020-09-10,6.8333001136779785
2525,2020-09-13,6.833399772644043
2526,2020-09-14,6.809100151062012
2527,2020-09-15,6.780300140380859
2528,2020-09-16,6.753699779510498
2529,2020-09-17,6.764100074768066
2530,2020-09-20,6.76800012588501
2531,2020-09-21,6.803699970245361
2532,2020-09-22,6.77839994430542
2533,2020-09-23,6.808899879455566
2534,2020-09-24,6.827700138092041
2535,2020-09-27,6.822800159454346
2536,2020-09-28,6.810800075531006
2537,2020-09-29,6.815400123596191
2538,2020-09-30,6.789700031280518
2539,2020-10-01,6.789400100708008
2540,2020-10-04,6.78980016708374
2541,2020-10-05,6.78980016708374
2542,2020-10-06,6.78980016708374
2543,2020-10-07,6.789700031280518
2544,2020-10-08,6.7891998291015625
2545,2020-10-11,6.693699836730957
2546,2020-10-12,6.7444000244140625
2547,2020-10-13,6.745500087738037
2548,2020-10-14,6.713600158691406
2549,2020-10-15,6.723899841308594
2550,2020-10-18,6.696599960327148
2551,2020-10-19,6.680699825286865
2552,2020-10-20,6.67519998550415
2553,2020-10-21,6.650000095367432
2554,2020-10-22,6.683499813079834
2555,2020-10-26,6.685699939727783
2556,2020-10-27,6.711299896240234
2557,2020-10-28,6.704400062561035
2558,2020-10-29,6.72790002822876
2559,2020-10-30,6.714000225067139
